,constituency,eligible_voters,line,num_candidates,state,valid_votes,votes_cast,candidate,party,percent,votes
0,Kayan-1,41226.0,1.0,4.0,Yangon,31328.0,33996.0,Kyaw Thwin,NLD,68,21278
1,Kayan-1,41226.0,1.0,4.0,Yangon,31328.0,33996.0,Than Maung,NUP,27,8408
0,Kayan-2,40018.0,5.0,6.0,Yangon,28841.0,32524.0,Tin Maung Win,NLD,60,17428
1,Kayan-2,40018.0,5.0,6.0,Yangon,28841.0,32524.0,Zaw Win,NUP,35,10027
0,Wakema-2,72831.0,9.0,4.0,Ayeyarwady,41528.0,49584.0,Col. Thet Wai,NUP,43,17893
1,Wakema-2,72831.0,9.0,4.0,Ayeyarwady,41528.0,49584.0,Myint Swe,LDP,30,12307
2,Wakema-2,72831.0,9.0,4.0,Ayeyarwady,41528.0,49584.0,Dr. Saw Bei Htoo,UKL,23,9629
0,Mandalay North East-1,37046.0,18.0,8.0,Mandalay,29005.0,30833.0,Maung Maung Aye,NLD,83,24100
1,Mandalay North East-1,37046.0,18.0,8.0,Mandalay,29005.0,30833.0,Kyaw Aye,WUO,10,2822
0,Minbu-1,43600.0,22.0,6.0,Magway,28506.0,31928.0,Soe Myint,NLD,75,21324
1,Minbu-1,43600.0,22.0,6.0,Magway,28506.0,31928.0,Col. Kyi Thein,WUO,20,5685
0,Minbu-2,42102.0,26.0,3.0,Magway,24456.0,28063.0,Hla Soe,NLD,85,20719
1,Minbu-2,42102.0,26.0,3.0,Magway,24456.0,28063.0,Win,LDP-141,11,2621
0,Mandalay North West-2,50451.0,31.0,6.0,Mandalay,35234.0,380943.0,Aung Soe,NLD,67,23576
1,Mandalay North West-2,50451.0,31.0,6.0,Mandalay,35234.0,380943.0,Col. Chit Yi,NUP,31,10782
0,Ngaphe,21337.0,35.0,3.0,Magway,15107.0,17077.0,Kyi Lwin,NLD,72,10807
1,Ngaphe,21337.0,35.0,3.0,Magway,15107.0,17077.0,Tin Sein,NUP,26,3945
0,Mandalay North East-2,38885.0,39.0,6.0,Mandalay,29401.0,30746.0,Tin Aye,NLD,77,22547
1,Mandalay North East-2,38885.0,39.0,6.0,Mandalay,29401.0,30746.0,Tin Maung,NUP,16,4621
0,Kunyangonn,56590.0,43.0,6.0,Yangon,42287.0,47680.0,Gun,NLD,67,28198
1,Kunyangonn,56590.0,43.0,6.0,Yangon,42287.0,47680.0,Kyaw Nyunt,NUP,25,10763
0,Patheingyi-1,36244.0,47.0,6.0,Mandalay,24662.0,27769.0,Hsan Nyunt Wain,NLD,66,16336
1,Patheingyi-1,36244.0,47.0,6.0,Mandalay,24662.0,27769.0,Tun Kyi,NUP,29,7206
0,Patheingyi-2,34087.0,51.0,7.0,Mandalay,24014.0,27070.0,Lt-Col San Hla Baw,NLD,58,13870
1,Patheingyi-2,34087.0,51.0,7.0,Mandalay,24014.0,27070.0,Kyaung,PUO,27,6587
2,Patheingyi-2,34087.0,51.0,7.0,Mandalay,24014.0,27070.0,Naing Win,independent,11,2732
0,Kyaiklat-1,45458.0,56.0,4.0,Ayeyarwady,30873.0,35056.0,Than Tin,NLD,53,16451
1,Kyaiklat-1,45458.0,56.0,4.0,Ayeyarwady,30873.0,35056.0,Maung Mya,NUP,41,12596
0,Kyaiklat-2,46027.0,60.0,4.0,Ayeyarwady,29710.0,33590.0,Tin Win,NLD,48,14351
1,Kyaiklat-2,46027.0,60.0,4.0,Ayeyarwady,29710.0,33590.0,Saw Myint Thein,NUP,43,12774
0,Pyapon-2,52684.0,64.0,5.0,Ayeyarwady,31864.0,34758.0,Min Swe,NLD,64,20358
1,Pyapon-2,52684.0,64.0,5.0,Ayeyarwady,31864.0,34758.0,Aye Ko,PUO,33,10404
0,Dedaye-2,52412.0,68.0,6.0,Ayeyarwady,34384.0,39577.0,Than Tun,NLD,57,19612
1,Dedaye-2,52412.0,68.0,6.0,Ayeyarwady,34384.0,39577.0,Nyunt Maung,NUP,33,11368
0,Nattalin-1,47418.0,72.0,4.0,Bago,33017.0,38764.0,Ohn Ngwe,NLD,74,24388
1,Nattalin-1,47418.0,72.0,4.0,Bago,33017.0,38764.0,Daw Aye Myint,PUO,23,7646
0,Nattalin-2,48088.0,76.0,5.0,Bago,32112.0,37488.0,Saw Sein Tun,NLD,73,23548
1,Nattalin-2,48088.0,76.0,5.0,Bago,32112.0,37488.0,Aung Thein,NUP,24,7581
0,Amarapura-1,42741.0,80.0,6.0,Mandalay,31829.0,34831.0,Zaw Myint Maung,NLD,66,21119
1,Amarapura-1,42741.0,80.0,6.0,Mandalay,31829.0,34831.0,Thain Han,NUP,26,8210
0,Amarapura-2,43735.0,84.0,5.0,Mandalay,35226.0,37185.0,Ba Bwa,NLD,69,24163
1,Amarapura-2,43735.0,84.0,5.0,Mandalay,35226.0,37185.0,Than Maung,NUP,23,8147
0,Hlegu-1,79523.0,89.0,4.0,Yangon,45831.0,54235.0,Saw Kyaw Sein,NLD,57,26113
1,Hlegu-1,79523.0,89.0,4.0,Yangon,45831.0,54235.0,Ye Win,NUP,39,17815
0,Hlegu-2,30784.0,93.0,5.0,Yangon,20344.0,23143.0,San Tin,NLD,72,14640
1,Hlegu-2,30784.0,93.0,5.0,Yangon,20344.0,23143.0,Daw Thein Htay,NUP,18,3719
0,Kyauktan-1,37399.0,97.0,4.0,Yangon,26200.0,31668.0,Than Nyein,NLD,65,17018
1,Kyauktan-1,37399.0,97.0,4.0,Yangon,26200.0,31668.0,Thein Tun,NUP,28,7331
0,Kyauktan-2,34840.0,101.0,3.0,Yangon,24602.0,28169.0,Soe Nyunt,NLD,66,16226
1,Kyauktan-2,34840.0,101.0,3.0,Yangon,24602.0,28169.0,Aung Khaing,NUP,30,7390
0,Kyobingauk-1,35256.0,105.0,5.0,Bago,21079.0,25007.0,Aye Myint,NLD,60,12739
1,Kyobingauk-1,35256.0,105.0,5.0,Bago,21079.0,25007.0,Khin Maung Win,NUP,33,6991
0,Okpo-1,34368.0,109.0,6.0,Bago,19700.0,23523.0,Tin Oo,NLD,52,10166
1,Okpo-1,34368.0,109.0,6.0,Bago,19700.0,23523.0,Mar Ga,PUO,33,6434
0,Okpo-2,39086.0,113.0,7.0,Bago,22873.0,26435.0,Tha Maung,NLD,54,12443
1,Okpo-2,39086.0,113.0,7.0,Bago,22873.0,26435.0,Tin Kyi,NUP,32,7354
0,Zigon,41957.0,117.0,5.0,Bago,28158.0,33429.0,San Tin,NLD,57,15992
1,Zigon,41957.0,117.0,5.0,Bago,28158.0,33429.0,Brig-Gen Than Tin,NUP,35,9943
0,Minhla-1,36120.0,121.0,5.0,Bago,24366.0,27489.0,Tint Lwin,NLD,66,16110
1,Minhla-1,36120.0,121.0,5.0,Bago,24366.0,27489.0,Col. Thein Ngwe,NUP,26,6220
0,Minhla-2,35260.0,125.0,5.0,Bago,23568.0,23568.0,Daw Hla Hla Moe,NLD,69,16282
1,Minhla-2,35260.0,125.0,5.0,Bago,23568.0,23568.0,Maung Maung,NUP,26,6236
0,Bhamo,48181.0,129.0,6.0,Kachin,27550.0,32055.0,Pu Htwe,NLD,71,19433
1,Bhamo,48181.0,129.0,6.0,Kachin,27550.0,32055.0,Kam Twe,NUP,17,4612
0,Momauk,13104.0,133.0,6.0,Kachin,6501.0,7602.0,Thaung Ngwe,NLD,45,2954
1,Momauk,13104.0,133.0,6.0,Kachin,6501.0,7602.0,Mo Ngin,SNLD,31,2036
2,Momauk,13104.0,133.0,6.0,Kachin,6501.0,7602.0,Po Yin,NUP,10,648
0,Sagaing-2,77887.0,142.0,7.0,Sagaing,57674.0,62961.0,Dr. Khin Maung Swe,NLD,72,41523
1,Sagaing-2,77887.0,142.0,7.0,Sagaing,57674.0,62961.0,Khin Maung,NUP,24,13745
0,Myaung-2,33485.0,146.0,5.0,Sagaing,24205.0,26741.0,Min Thwin,NLD,41,9941
1,Myaung-2,33485.0,146.0,5.0,Sagaing,24205.0,26741.0,Zay Yar,independent,31,7612
2,Myaung-2,33485.0,146.0,5.0,Sagaing,24205.0,26741.0,Shwe Khaing,NUP,22,5431
0,Myinmu-1,29892.0,154.0,4.0,Sagaing,22545.0,24679.0,Ba Ba,NLD,73,16477
1,Myinmu-1,29892.0,154.0,4.0,Sagaing,22545.0,24679.0,Htay Aung,NUP,26,5783
0,Myinmu-2,30935.0,158.0,3.0,Sagaing,22398.0,24653.0,Tin Ngwe,NLD,72,16151
1,Myinmu-2,30935.0,158.0,3.0,Sagaing,22398.0,24653.0,Sein Tun,PUO,27,5944
0,Myaung-1,33415.0,162.0,5.0,Sagaing,24747.0,26885.0,Win Shein,independent,39,9749
1,Myaung-1,33415.0,162.0,5.0,Sagaing,24747.0,26885.0,Aung Tun,NLD,33,8175
2,Myaung-1,33415.0,162.0,5.0,Sagaing,24747.0,26885.0,Aye Maung,NUP,25,6148
0,Ngazun-1,39852.0,170.0,3.0,Sagaing,24881.0,28600.0,Chit Khaing,NLD,68,16881
1,Ngazun-1,39852.0,170.0,3.0,Sagaing,24881.0,28600.0,Khin Maung Oo,NUP,30,7355
0,Sagaing-1,71844.0,174.0,8.0,Sagaing,52772.0,58103.0,Col. Soe Thein,NLD,70,37037
1,Sagaing-1,71844.0,174.0,8.0,Sagaing,52772.0,58103.0,Tun Maung,PUO,22,11653
0,Ngazun-2,40271.0,178.0,3.0,Sagaing,25676.0,30722.0,Cho Hlaing,NLD,72,18480
1,Ngazun-2,40271.0,178.0,3.0,Sagaing,25676.0,30722.0,Khin Maung Maung,NUP,25,6339
0,Kyaukkyi,43167.0,183.0,3.0,Bago,20343.0,23512.0,Tun Oo,NLD,71,14461
1,Kyaukkyi,43167.0,183.0,3.0,Bago,20343.0,23512.0,Saw Myo Thwe,NUP,25,5086
0,Taungoo-1,54044.0,187.0,6.0,Bago,31543.0,35458.0,Aung Soe Myint,NLD,68,21369
1,Taungoo-1,54044.0,187.0,6.0,Bago,31543.0,35458.0,Thein Hlaing,NUP,20,6354
0,Taungoo-2,55749.0,191.0,5.0,Bago,30405.0,36178.0,Nyunt Wai,NLD,67,20401
1,Taungoo-2,55749.0,191.0,5.0,Bago,30405.0,36178.0,Saw Truman,NUP,25,7567
0,Pyay-1 [Prome],59592.0,195.0,7.0,Bago,35315.0,40181.0,Maung Ohn,NUP,42,14850
1,Pyay-1 [Prome],59592.0,195.0,7.0,Bago,35315.0,40181.0,Thein Zan,NLD,35,12229
2,Pyay-1 [Prome],59592.0,195.0,7.0,Bago,35315.0,40181.0,Dr. Khin Maung Win,indep,17,6161
0,Pyay-2,62493.0,200.0,6.0,Bago,36768.0,40662.0,Thaung Sein,NLD,52,18941
1,Pyay-2,62493.0,200.0,6.0,Bago,36768.0,40662.0,Soe,NUP,40,14535
0,Paukkaung,56337.0,204.0,8.0,Bago,35063.0,39412.0,Sein Win,PND,50,17511
1,Paukkaung,56337.0,204.0,8.0,Bago,35063.0,39412.0,Ohn Thein,NUP,41,14448
0,Thayarwady-1,42498.0,209.0,6.0,Bago,27877.0,32283.0,San Win,NLD,55,15309
1,Thayarwady-1,42498.0,209.0,6.0,Bago,27877.0,32283.0,Tin Yu,NUP,34,9363
0,Thayarwady-2,42597.0,213.0,6.0,Bago,24473.0,28446.0,Maung Aye,NLD,60,14747
1,Thayarwady-2,42597.0,213.0,6.0,Bago,24473.0,28446.0,Maj Aung Khin,NUP,33,8015
0,Maubin-1,78823.0,217.0,6.0,Ayeyarwady,49787.0,57426.0,Chit Than,NUP,48,23861
1,Maubin-1,78823.0,217.0,6.0,Ayeyarwady,49787.0,57426.0,Thaung Aye,NLD,45,22497
0,Maubin-2,79605.0,221.0,5.0,Ayeyarwady,46628.0,52563.0,Hla Myint,NLD,55,25855
1,Maubin-2,79605.0,221.0,5.0,Ayeyarwady,46628.0,52563.0,Aung Thaung,NUP,40,18828
0,Kalaw,62010.0,225.0,6.0,Shan,31178.0,37984.0,Myint Than,UDLDP,36,11232
1,Kalaw,62010.0,225.0,6.0,Shan,31178.0,37984.0,Tommy Aung,NLD,23,7063
2,Kalaw,62010.0,225.0,6.0,Shan,31178.0,37984.0,Ngwe Soe,NUP,21,6673
0,Mansi,7447.0,233.0,4.0,Kachin,4387.0,5362.0,J.M. Nolla,NLD,55,2434
1,Mansi,7447.0,233.0,4.0,Kachin,4387.0,5362.0,Phauyam Kamtwe,NUP,27,1182
2,Mansi,7447.0,233.0,4.0,Kachin,4387.0,5362.0,Ba Maw,SNLD,13,550
0,Mandalay North West-1,46015.0,241.0,6.0,Mandalay,36630.0,38138.0,Tin Aung Aung,NLD,80,29443
1,Mandalay North West-1,46015.0,241.0,6.0,Mandalay,36630.0,38138.0,Thein Hla,NUP,16,5703
0,Mandalay South East-1,46419.0,245.0,8.0,Mandalay,36910.0,39253.0,Tin Nyunt,NLD,80,29642
1,Mandalay South East-1,46419.0,245.0,8.0,Mandalay,36910.0,39253.0,Than Oo,NUP,14,5321
0,Mandalay South East-2,58988.0,249.0,6.0,Mandalay,43002.0,46326.0,Ohn Kyaing,NLD,76,32718
1,Mandalay South East-2,58988.0,249.0,6.0,Mandalay,43002.0,46326.0,Min Kyaw,NUP,20,8608
0,Thayetchaung,33182.0,253.0,4.0,Tanintharyi,17038.0,21697.0,Tin Myint,NLD,91,15522
1,Thayetchaung,33182.0,253.0,4.0,Tanintharyi,17038.0,21697.0,Nay Win,NUP,8,1305
0,Launglon-1,37442.0,257.0,3.0,Tanintharyi,19614.0,25133.0,Hla Pe,NLD,88,17241
1,Launglon-1,37442.0,257.0,3.0,Tanintharyi,19614.0,25133.0,Col. Aung Myint,NUP,11,2135
0,Launglon-2,33723.0,261.0,3.0,Tanintharyi,18015.0,22759.0,Chain Hin,NLD,81,14667
1,Launglon-2,33723.0,261.0,3.0,Tanintharyi,18015.0,22759.0,Seinn Maung,NUP,17,3143
0,Dawei-1 [Tavoy],34527.0,265.0,3.0,Tanintharyi,20110.0,23456.0,Soe Nyunt,NLD,85,17059
1,Dawei-1 [Tavoy],34527.0,265.0,3.0,Tanintharyi,20110.0,23456.0,Col. Than Hla,NUP,13,2598
0,Dawei-2,34766.0,269.0,3.0,Tanintharyi,20656.0,23677.0,Myo Aung,NLD,87,17906
1,Dawei-2,34766.0,269.0,3.0,Tanintharyi,20656.0,23677.0,Lt-Col Ba Hla,Unknown,11,2329
0,Kyaikmaraw-1,39948.0,274.0,5.0,Mon,19968.0,24640.0,Myint Thein,NLD,53,10576
1,Kyaikmaraw-1,39948.0,274.0,5.0,Mon,19968.0,24640.0,Nai Pan Hla,MNDF,23,4666
2,Kyaikmaraw-1,39948.0,274.0,5.0,Mon,19968.0,24640.0,Daw Thein Kyaw,NUP,18,3507
0,Kyaikmaraw-2,44824.0,282.0,6.0,Mon,27517.0,32550.0,Nai Khin Maung,MNDF,42,11528
1,Kyaikmaraw-2,44824.0,282.0,6.0,Mon,27517.0,32550.0,Tin Ngwe,NLD,41,11270
2,Kyaikmaraw-2,44824.0,282.0,6.0,Mon,27517.0,32550.0,Bo Kya Gyi,NUP,12,3211
0,Dedaye-1,49076.0,290.0,3.0,Ayeyarwady,30884.0,35788.0,Myo Nyunt,NLD,58,17957
1,Dedaye-1,49076.0,290.0,3.0,Ayeyarwady,30884.0,35788.0,Capt Tun Aye,NUP,36,11200
0,Yedashe-1,42297.0,294.0,4.0,Bago,27413.0,32544.0,Dr. Kyaw Kyaw,NLD,58,15874
1,Yedashe-1,42297.0,294.0,4.0,Bago,27413.0,32544.0,Chit Kyin,NUP,38,10541
0,Yedashe-2,43647.0,298.0,3.0,Bago,29014.0,32784.0,Tun Aung,NLD,61,17571
1,Yedashe-2,43647.0,298.0,3.0,Bago,29014.0,32784.0,Aung Khin,NUP,36,10512
0,Pyu-1,47205.0,302.0,4.0,Bago,27392.0,31432.0,Aung Than,NLD,66,18067
1,Pyu-1,47205.0,302.0,4.0,Bago,27392.0,31432.0,Nyunt Han,NUP,31,8601
0,Pyu-2,65024.0,306.0,5.0,Bago,36948.0,41432.0,Soe Maung,NLD,64,23588
1,Pyu-2,65024.0,306.0,5.0,Bago,36948.0,41432.0,Tun Kyi,WUO,33,12112
0,Htantabin,50435.0,311.0,4.0,Bago,30089.0,36471.0,Chit Maung,NLD,65,19665
1,Htantabin,50435.0,311.0,4.0,Bago,30089.0,36471.0,Tin Win,NUP,22,6712
0,Oktwin-1,32918.0,315.0,5.0,Bago,18228.0,23535.0,Thein Oo,NLD,60,10881
1,Oktwin-1,32918.0,315.0,5.0,Bago,18228.0,23535.0,Lt-Col Khin Hla,NUP,28,5029
0,Oktwin-2,31257.0,319.0,4.0,Bago,19561.0,22696.0,Khin Maung Win,NLD,63,12357
1,Oktwin-2,31257.0,319.0,4.0,Bago,19561.0,22696.0,Lt-Col Hla Myint,NUP,32,6215
0,Myingyan-1,81169.0,323.0,6.0,Mandalay,59943.0,64928.0,Paw Khin,NLD,70,42015
1,Myingyan-1,81169.0,323.0,6.0,Mandalay,59943.0,64928.0,Col. Khin Maung Win,NUP,26,15814
0,Myingyan-2,80385.0,327.0,4.0,Mandalay,57415.0,62136.0,Maung Maung Win,NLD,68,39088
1,Myingyan-2,80385.0,327.0,4.0,Mandalay,57415.0,62136.0,Maj. Pe Than,NUP,30,17444
0,Pasawng,7753.0,331.0,4.0,Kayah,3121.0,3574.0,Saw Tar Rutu,NUP,52,1621
1,Pasawng,7753.0,331.0,4.0,Kayah,3121.0,3574.0,Maung Gyi,NLD,45,1406
0,Pruhso,9237.0,335.0,4.0,Kayah,2739.0,3330.0,Daw Oo Reh,NLD,39,1070
1,Pruhso,9237.0,335.0,4.0,Kayah,2739.0,3330.0,Hta Ru,KNLD,36,981
2,Pruhso,9237.0,335.0,4.0,Kayah,2739.0,3330.0,Edward Pyu Aung,WUO,16,435
0,Dimawhso-1,12187.0,344.0,5.0,Kayah,4778.0,5658.0,Khin Maung Cho,KNLD,48,2298
1,Dimawhso-1,12187.0,344.0,5.0,Kayah,4778.0,5658.0,Pha Bu,NUP,27,1298
2,Dimawhso-1,12187.0,344.0,5.0,Kayah,4778.0,5658.0,Dereh,NLD,22,1028
0,Dimawhso-2,12209.0,352.0,3.0,Kayah,7044.0,8535.0,Victor Lay,KNLD,66,4614
1,Dimawhso-2,12209.0,352.0,3.0,Kayah,7044.0,8535.0,Saw Po Mying,NLD,19,1350
2,Dimawhso-2,12209.0,352.0,3.0,Kayah,7044.0,8535.0,Saw Wari,PUO,15,1080
0,Loikaw-1,19854.0,361.0,4.0,Kayah,11647.0,12659.0,Po Thin,NLD,53,6184
1,Loikaw-1,19854.0,361.0,4.0,Kayah,11647.0,12659.0,Kyaw Din,NUP,26,3041
2,Loikaw-1,19854.0,361.0,4.0,Kayah,11647.0,12659.0,Sha Reh,KNLD,18,2043
0,Loikaw-2,21536.0,369.0,6.0,Kayah,10688.0,12272.0,Teddy Buyi,NLD,58,6182
1,Loikaw-2,21536.0,369.0,6.0,Kayah,10688.0,12272.0,Nay Win,NUP,22,2399
2,Loikaw-2,21536.0,369.0,6.0,Kayah,10688.0,12272.0,Sao Phyu,KNLD,13,1349
0,Bawlake,2575.0,377.0,4.0,Kayah,1426.0,1831.0,Aung Thein,NUP,49,697
1,Bawlake,2575.0,377.0,4.0,Kayah,1426.0,1831.0,Khin Maung,Independent,23,325
2,Bawlake,2575.0,377.0,4.0,Kayah,1426.0,1831.0,Mirei,KNLD,17,247
3,Bawlake,2575.0,377.0,4.0,Kayah,1426.0,1831.0,Dr. Tun Kyaw,UNDP,11,157
0,Shataw,2546.0,388.0,4.0,Kayah,735.0,871.0,Aung Tin,NLD,57,417
1,Shataw,2546.0,388.0,4.0,Kayah,735.0,871.0,Tha Shin,NUP,27,201
2,Shataw,2546.0,388.0,4.0,Kayah,735.0,871.0,Ku Du,KNLD,16,117
0,Thanbyuzayat-1,37004.0,396.0,5.0,Mon,24156.0,27185.0,Maung Maung Gyi,NLD,51,12250
1,Thanbyuzayat-1,37004.0,396.0,5.0,Mon,24156.0,27185.0,Sein Mya Maung,MNDF,34,8113
2,Thanbyuzayat-1,37004.0,396.0,5.0,Mon,24156.0,27185.0,Tin Tun,NUP,13,3081
0,Thegon-1,42114.0,406.0,4.0,Bago,24086.0,28353.0,Aye,NLD,51,12179
1,Thegon-1,42114.0,406.0,4.0,Bago,24086.0,28353.0,Thant Sin,NUP,31,7447
2,Thegon-1,42114.0,406.0,4.0,Bago,24086.0,28353.0,Tin Win,UNDP,12,2934
0,Thegon-2,40248.0,414.0,4.0,Bago,24925.0,28050.0,Thein Tun,NLD,58,14416
1,Thegon-2,40248.0,414.0,4.0,Bago,24925.0,28050.0,Col. Yan Naung Soe,PUO,26,6598
2,Thegon-2,40248.0,414.0,4.0,Bago,24925.0,28050.0,Dr Tin Ko Ko Hlaing,UNDP,11,2732
0,Shwedaung-1,40926.0,420.0,7.0,Bago,27709.0,30797.0,Than Kywe,NLD,59,16280
1,Shwedaung-1,40926.0,420.0,7.0,Bago,27709.0,30797.0,Aye Lwin,NUP,27,7351
2,Shwedaung-1,40926.0,420.0,7.0,Bago,27709.0,30797.0,Thein Htut,UNDP,12,3405
0,Shwedaung-2,40989.0,428.0,6.0,Bago,23976.0,27001.0,Paik Chon,NLD,65,15635
1,Shwedaung-2,40989.0,428.0,6.0,Bago,23976.0,27001.0,Htwe Han,NUP,28,6739
0,Paungde-1,40222.0,432.0,4.0,Bago,24329.0,29939.0,Ohn Naing,NLD,64,15589
1,Paungde-1,40222.0,432.0,4.0,Bago,24329.0,29939.0,Maj. Aung Gyi,NUP,21,5112
0,Paungde-2,39381.0,436.0,4.0,Bago,23846.0,29545.0,Aye Than,NLD,76,18005
1,Paungde-2,39381.0,436.0,4.0,Bago,23846.0,29545.0,Aung Than Mying,NUP,15,3591
0,Padaung-1,42763.0,440.0,5.0,Bago,23077.0,26532.0,Tin Ohn,NLD,66,15133
1,Padaung-1,42763.0,440.0,5.0,Bago,23077.0,26532.0,Col. Oo Saw Hla,NUP,26,6029
0,Padaung-2,44615.0,444.0,5.0,Bago,27023.0,31106.0,Thein Han,NLD,69,18050
1,Padaung-2,44615.0,444.0,5.0,Bago,27023.0,31106.0,Saw Thein,NUP,28,7510
0,Monywa-1,82559.0,448.0,5.0,Sagaing,61225.0,65476.0,Kyi Soe,NLD,81,49556
1,Monywa-1,82559.0,448.0,5.0,Sagaing,61225.0,65476.0,Ba Htwe,WUO,15,8978
0,Monywa-2,81434.0,453.0,7.0,Sagaing,60695.0,64205.0,Saw Aung,NLD,79,47933
1,Monywa-2,81434.0,453.0,7.0,Sagaing,60695.0,64205.0,Maj. Sein Win,NUP,17,10512
0,Salingyi-1,34866.0,457.0,4.0,Sagaing,23512.0,25263.0,Khin Maung Kyi,NLD,77,18126
1,Salingyi-1,34866.0,457.0,4.0,Sagaing,23512.0,25263.0,Maj-Gen Pe Myaing,NUP,21,4941
0,Salingyi-2,32356.0,461.0,3.0,Sagaing,21421.0,24513.0,Sein Yan,NLD,66,14092
1,Salingyi-2,32356.0,461.0,3.0,Sagaing,21421.0,24513.0,Kyaw,PUO,33,6993
0,Pale-1,34071.0,466.0,3.0,Sagaing,23045.0,26498.0,Than Sein,NLD,69,15874
1,Pale-1,34071.0,466.0,3.0,Sagaing,23045.0,26498.0,Capt. Aung Than,NUP,30,6903
0,Pale-2,33195.0,470.0,4.0,Sagaing,20759.0,24264.0,Dr. Tint Swe,NLD,61,12693
1,Pale-2,33195.0,470.0,4.0,Sagaing,20759.0,24264.0,Maj. Tin Oo,NUP,35,7335
0,Kani-1,30501.0,474.0,3.0,Sagaing,22147.0,23751.0,Khin Maung Than,NLD,78,17238
1,Kani-1,30501.0,474.0,3.0,Sagaing,22147.0,23751.0,P. Kyaw Han,NUP,21,4646
0,Kani-2,31839.0,478.0,3.0,Sagaing,22755.0,24972.0,Thant Zin,NLD,83,18781
1,Kani-2,31839.0,478.0,3.0,Sagaing,22755.0,24972.0,Ba Hlaing,NUP,17,3781
0,Chaung-U,52736.0,482.0,6.0,Sagaing,36367.0,41320.0,Ant Kyi,NLD,72,26107
1,Chaung-U,52736.0,482.0,6.0,Sagaing,36367.0,41320.0,Myo Myint,NUP,25,8958
0,Yinmabin-1,31513.0,486.0,5.0,Sagaing,20876.0,23399.0,Bo Thaung,NLD,75,15647
1,Yinmabin-1,31513.0,486.0,5.0,Sagaing,20876.0,23399.0,Chan Tun,PUO,22,4496
0,Yinmabin-2,31162.0,491.0,4.0,Sagaing,21278.0,24424.0,Tin Tun Aung,NLD,72,15390
1,Yinmabin-2,31162.0,491.0,4.0,Sagaing,21278.0,24424.0,Myint Aung,NUP,25,5298
0,Ywangan,28996.0,496.0,3.0,Shan,18168.0,23488.0,Aung Thein,UNDP,44,7905
1,Ywangan,28996.0,496.0,3.0,Shan,18168.0,23488.0,Aye San,NUP,29,5295
2,Ywangan,28996.0,496.0,3.0,Shan,18168.0,23488.0,Nyunt Tin,UDLDP,27,4968
0,Taungtha-1,62509.0,505.0,4.0,Mandalay,44393.0,47853.0,Chit Khaing,NLD,68,30026
1,Taungtha-1,62509.0,505.0,4.0,Mandalay,44393.0,47853.0,Khin Maung Win,PUO,30,13461
0,Taungtha-2,63115.0,510.0,4.0,Mandalay,42749.0,47343.0,Than Tun,NLD,70,30086
1,Taungtha-2,63115.0,510.0,4.0,Mandalay,42749.0,47343.0,Aye Maung Kyi,NUP,28,12020
0,Minbya-1,40237.0,514.0,7.0,Rakhine,22286.0,27084.0,Maung Myint,RDL,55,12301
1,Minbya-1,40237.0,514.0,7.0,Rakhine,22286.0,27084.0,Nyi Nyi,NUP,17,3800
2,Minbya-1,40237.0,514.0,7.0,Rakhine,22286.0,27084.0,Khin Maung,NDPHR,15,3292
0,Minbya-2,37764.0,523.0,6.0,Rakhine,20431.0,25233.0,Tun Win,RDL,58,11899
1,Minbya-2,37764.0,523.0,6.0,Rakhine,20431.0,25233.0,Salai Kyaw Naing,CNLD,14,2889
2,Minbya-2,37764.0,523.0,6.0,Rakhine,20431.0,25233.0,Tun Hla Pru,NUP,14,2871
0,Shwegu,26266.0,532.0,4.0,Kachin,15483.0,17790.0,Daw Sein Tin,NLD,71,11038
1,Shwegu,26266.0,532.0,4.0,Kachin,15483.0,17790.0,Aung Than,NUP,26,4052
0,Natogyi-1,53791.0,536.0,7.0,Mandalay,37129.0,40749.0,Pan Tha,NLD,67,25034
1,Natogyi-1,53791.0,536.0,7.0,Mandalay,37129.0,40749.0,Maj. Nyunt Thein,WUO,27,9883
0,Natogyi-2,53780.0,541.0,7.0,Mandalay,35723.0,38887.0,Seinn Maung,NLD,62,22303
1,Natogyi-2,53780.0,541.0,7.0,Mandalay,35723.0,38887.0,Than Tun,NUP,26,9210
0,Nyaung-U-1,62471.0,545.0,4.0,Mandalay,43241.0,48605.0,Cho,NLD,69,29884
1,Nyaung-U-1,62471.0,545.0,4.0,Mandalay,43241.0,48605.0,Saw Lwin,NUP,27,11549
0,Nyaung-U-2,62910.0,549.0,3.0,Mandalay,40648.0,45294.0,Pe Tin,NLD,68,27691
1,Nyaung-U-2,62910.0,549.0,3.0,Mandalay,40648.0,45294.0,Than Shein,NUP,28,11451
0,Kyaukpadaung-1,72304.0,553.0,4.0,Mandalay,49837.0,55038.0,Bo Zan,NLD,71,35320
1,Kyaukpadaung-1,72304.0,553.0,4.0,Mandalay,49837.0,55038.0,Capt. Aung Kyin,PUO,24,12060
0,Kyaukpadaung-2,72245.0,558.0,4.0,Mandalay,52215.0,58629.0,Ngwe Tun,NLD,68,35735
1,Kyaukpadaung-2,72245.0,558.0,4.0,Mandalay,52215.0,58629.0,Ye Maung,NUP,26,13394
0,Tatkon-1,53097.0,562.0,4.0,Mandalay,38092.0,41960.0,Wan Maung,NLD,67,25422
1,Tatkon-1,53097.0,562.0,4.0,Mandalay,38092.0,41960.0,Col. Hla Bu,NUP,26,9766
0,Tatkon-2,53515.0,566.0,4.0,Mandalay,36312.0,41886.0,Win Hlaing,NLD,71,25894
1,Tatkon-2,53515.0,566.0,4.0,Mandalay,36312.0,41886.0,Maj. Aung Maung,NUP,22,8094
0,Pyawbwe-1,63462.0,570.0,5.0,Mandalay,45075.0,49801.0,Khin Maung Nyo,NLD,56,25272
1,Pyawbwe-1,63462.0,570.0,5.0,Mandalay,45075.0,49801.0,Thein Aung,NUP,40,17984
0,Pyawbwe-2,61031.0,574.0,4.0,Mandalay,36739.0,43280.0,Hla Pe,NLD,56,20527
1,Pyawbwe-2,61031.0,574.0,4.0,Mandalay,36739.0,43280.0,Ohn Hlaing,NUP,37,13682
0,Yamethin-1,55779.0,578.0,5.0,Mandalay,40579.0,45228.0,Maung Maung Myint,NLD,47,19049
1,Yamethin-1,55779.0,578.0,5.0,Mandalay,40579.0,45228.0,Tun Phyu,NUP,30,12284
2,Yamethin-1,55779.0,578.0,5.0,Mandalay,40579.0,45228.0,Htaik Thu,DP,13,5389
0,Yamethin-2,54319.0,586.0,5.0,Mandalay,36575.0,41270.0,Maung Maung Than,NLD,41,15082
1,Yamethin-2,54319.0,586.0,5.0,Mandalay,36575.0,41270.0,Kyaw Nyunt,NUP,37,13501
0,Sittwe-1,49899.0,590.0,8.0,Rakhine,30332.0,36441.0,Shwe Ya,KNLD2,32,9821
1,Sittwe-1,49899.0,590.0,8.0,Rakhine,30332.0,36441.0,Maung Tha Zan,RDL,27,8166
2,Sittwe-1,49899.0,590.0,8.0,Rakhine,30332.0,36441.0,Ba Ohn,APDF,16,4916
3,Sittwe-1,49899.0,590.0,8.0,Rakhine,30332.0,36441.0,Maung Kyaw Zan,NUP,9,2851
4,Sittwe-1,49899.0,590.0,8.0,Rakhine,30332.0,36441.0,Ni Oo Khaing,NLD,8,2547
0,Thaton-1,59033.0,604.0,5.0,Mon,32815.0,36755.0,Hkun Myint Tun,NLD,76,25075
1,Thaton-1,59033.0,604.0,5.0,Mon,32815.0,36755.0,Saw Maung Win,NUP,16,5288
0,Thaton-2,63217.0,608.0,7.0,Mon,36704.0,41316.0,Than Maung,NLD,68,24797
1,Thaton-2,63217.0,608.0,7.0,Mon,36704.0,41316.0,Myo Nyunt,NUP,22,8099
0,Thandaung-1,15507.0,612.0,3.0,Kayin,8554.0,9736.0,R.P. Thaung,DOKNU,44,3764
1,Thandaung-1,15507.0,612.0,3.0,Kayin,8554.0,9736.0,Saw Melvin Aye Wai,KNCD,37,3202
2,Thandaung-1,15507.0,612.0,3.0,Kayin,8554.0,9736.0,A. Soe Myint,NUP,19,1588
0,Thandaung-2,11369.0,618.0,3.0,Kayin,5605.0,6383.0,Saw Victor Clive,NLD,68,3798
1,Thandaung-2,11369.0,618.0,3.0,Kayin,5605.0,6383.0,Saw Nay Wai Htoo,NUP,27,1496
0,Hlaingbwe-1,28735.0,622.0,4.0,Kayin,10190.0,12901.0,Saw Tun Pe,KSNO,50,5142
1,Hlaingbwe-1,28735.0,622.0,4.0,Kayin,10190.0,12901.0,Mahn Tin Yi,NUP,22,2210
2,Hlaingbwe-1,28735.0,622.0,4.0,Kayin,10190.0,12901.0,Hla Thaung,LDP,20,2001
0,Hlaingbwe-2,26312.0,631.0,4.0,Kayin,10674.0,13003.0,Saw Tun Lwin,NLD,80,8573
1,Hlaingbwe-2,26312.0,631.0,4.0,Kayin,10674.0,13003.0,Saw Po Ni,NUP,17,1850
0,Salin-1,62001.0,635.0,4.0,Magway,40054.0,44769.0,Tar,NLD,71,28498
1,Salin-1,62001.0,635.0,4.0,Magway,40054.0,44769.0,Lu Maw,NUP,27,10682
0,Salin-2,58806.0,639.0,3.0,Magway,39697.0,43365.0,Kan Oo,NLD,71,28220
1,Salin-2,58806.0,639.0,3.0,Magway,39697.0,43365.0,Phone Khin,NUP,28,11279
0,Pwintbyu-1,39767.0,643.0,5.0,Magway,26645.0,30471.0,Kyaw Shin,NLD,73,19553
1,Pwintbyu-1,39767.0,643.0,5.0,Magway,26645.0,30471.0,Kyaw Za,NUP,20,5201
0,Pwintbyu-2,42271.0,647.0,3.0,Magway,30573.0,34418.0,Dr. Aung Moe Nyo,NLD,74,22496
1,Pwintbyu-2,42271.0,647.0,3.0,Magway,30573.0,34418.0,Thaung Tin,NUP,22,6776
0,Sedoktara,22537.0,651.0,3.0,Magway,16099.0,18216.0,Arnt Kyi,NLD,62,9995
1,Sedoktara,22537.0,651.0,3.0,Magway,16099.0,18216.0,Myint Swe,NUP,35,5592
0,Ingapu-1,68286.0,655.0,5.0,Ayeyarwady,45596.0,53605.0,Mya Win,NLD,67,30800
1,Ingapu-1,68286.0,655.0,5.0,Ayeyarwady,45596.0,53605.0,Bo Tun,NUP,30,13643
0,Ingapu-2,72094.0,659.0,4.0,Ayeyarwady,46665.0,54990.0,Dr. Sann Aung,Indep.,53,24581
1,Ingapu-2,72094.0,659.0,4.0,Ayeyarwady,46665.0,54990.0,Thein Tun,NUP,32,14915
2,Ingapu-2,72094.0,659.0,4.0,Ayeyarwady,46665.0,54990.0,Htin Kyaw,Indep.,12,5718
0,Myanaung-1,67881.0,668.0,3.0,Ayeyarwady,42629.0,49245.0,Tin Oo,NLD,66,28248
1,Myanaung-1,67881.0,668.0,3.0,Ayeyarwady,42629.0,49245.0,Sein Ya,NUP,33,14106
0,Myanaung-2,71909.0,672.0,4.0,Ayeyarwady,44311.0,52025.0,Myint Thein,NLD,70,31160
1,Myanaung-2,71909.0,672.0,4.0,Ayeyarwady,44311.0,52025.0,Hlaing Myint,NUP,26,11492
0,Laymyethnar-1,32595.0,676.0,3.0,Ayeyarwady,22003.0,25403.0,Si Maung,NLD,73,16041
1,Laymyethnar-1,32595.0,676.0,3.0,Ayeyarwady,22003.0,25403.0,Hla Shwe,NUP,26,5715
0,Laymyethnar-2,30509.0,680.0,3.0,Ayeyarwady,22717.0,24835.0,Hsan Myint,NLD,69,15644
1,Laymyethnar-2,30509.0,680.0,3.0,Ayeyarwady,22717.0,24835.0,Shwe Thaung,PUO,30,6787
0,Kyangin,61635.0,685.0,3.0,Ayeyarwady,36620.0,46970.0,Dr. Ye Myint,NLD,74,27147
1,Kyangin,61635.0,685.0,3.0,Ayeyarwady,36620.0,46970.0,Ohn Pe,NUP,25,8977
0,Thaton-1,59033.0,689.0,5.0,Mon,32815.0,36755.0,Hkun Myint Tun,NLD,76,25075
1,Thaton-1,59033.0,689.0,5.0,Mon,32815.0,36755.0,Saw Maung Win,NUP,16,5288
0,Pauktaw-1,31257.0,694.0,4.0,Rakhine,15356.0,20294.0,Ba Than,RDL,60,9216
1,Pauktaw-1,31257.0,694.0,4.0,Rakhine,15356.0,20294.0,Oo Saw Hla,NUP,18,2744
2,Pauktaw-1,31257.0,694.0,4.0,Rakhine,15356.0,20294.0,Tha Tun,NLD,12,1855
3,Pauktaw-1,31257.0,694.0,4.0,Rakhine,15356.0,20294.0,Kyaw Zan Tha,APDF,10,1541
0,Pauktaw-2,29819.0,704.0,6.0,Rakhine,10857.0,15376.0,Saw Tun Sein,RDL,32,3528
1,Pauktaw-2,29819.0,704.0,6.0,Rakhine,10857.0,15376.0,Tha Kyaw,NLD,28,2995
2,Pauktaw-2,29819.0,704.0,6.0,Rakhine,10857.0,15376.0,Saw Hla Pru,NUP,17,1823
3,Pauktaw-2,29819.0,704.0,6.0,Rakhine,10857.0,15376.0,Aung Win,ANDP,12,1264
4,Pauktaw-2,29819.0,704.0,6.0,Rakhine,10857.0,15376.0,Kyaw Zan Shwi,APDF,10,1133
0,Ponnagyun,54968.0,716.0,6.0,Rakhine,37311.0,44396.0,Aung Tun Sein,RDL,38,14251
1,Ponnagyun,54968.0,716.0,6.0,Rakhine,37311.0,44396.0,Aung Shwe Oo,NUP,25,9393
2,Ponnagyun,54968.0,716.0,6.0,Rakhine,37311.0,44396.0,Tun Aung Kyaw,NLD,20,7509
0,Myitkyina-1,39204.0,724.0,6.0,Kachin,21837.0,26003.0,Mya Maung,NLD,46,10151
1,Myitkyina-1,39204.0,724.0,6.0,Kachin,21837.0,26003.0,Col. Soe Nyunt,NUP,32,7066
2,Myitkyina-1,39204.0,724.0,6.0,Kachin,21837.0,26003.0,Thein Zaw,SNLD,10,2228
0,Myitkyina-2,39894.0,732.0,6.0,Kachin,19244.0,22420.0,Oo Byit Tu,KSNCD,36,6898
1,Myitkyina-2,39894.0,732.0,6.0,Kachin,19244.0,22420.0,Duwa Lawan Li,KNC,28,5361
2,Myitkyina-2,39894.0,732.0,6.0,Kachin,19244.0,22420.0,Lakwai Tu,WUO,22,4332
0,Mohnyin-2,27468.0,741.0,4.0,Kachin,16940.0,19520.0,Kya Mya,NLD,73,12374
1,Mohnyin-2,27468.0,741.0,4.0,Kachin,16940.0,19520.0,Than Gyaung,NUP,16,2640
2,Mohnyin-2,27468.0,741.0,4.0,Kachin,16940.0,19520.0,Sai Chan Paung,SNLD,10,1776
0,Tanai,8917.0,749.0,5.0,Kachin,4319.0,4876.0,N Wam Kham Zau Tawng,NLD,64,2771
1,Tanai,8917.0,749.0,5.0,Kachin,4319.0,4876.0,Kamang Gam,NUP,20,860
0,Lewe-1,58837.0,753.0,4.0,Mandalay,42405.0,47469.0,Tin Htut Oo,NLD,54,22887
1,Lewe-1,58837.0,753.0,4.0,Mandalay,42405.0,47469.0,Brig-Gen Sein Win,YUO,40,16803
0,Lewe-2,59952.0,758.0,4.0,Mandalay,41923.0,47560.0,Nyi Nyi Tun,NLD,56,23457
1,Lewe-2,59952.0,758.0,4.0,Mandalay,41923.0,47560.0,Soe Tint Aung,NUP,34,14449
0,Pyinmanaa-1,67814.0,762.0,3.0,Mandalay,44935.0,51240.0,Tint Lwin,NLD,71,31681
1,Pyinmanaa-1,67814.0,762.0,3.0,Mandalay,44935.0,51240.0,Khin Maung,NUP,28,12542
0,Pyinmanaa-2,72283.0,766.0,7.0,Mandalay,48082.0,53218.0,Kyaw,NLD,62,29995
1,Pyinmanaa-2,72283.0,766.0,7.0,Mandalay,48082.0,53218.0,Capt. Soe Win,NUP,25,11930
0,Singu,53674.0,770.0,5.0,Mandalay,41568.0,43454.0,Saw Htay,NLD,63,26079
1,Singu,53674.0,770.0,5.0,Mandalay,41568.0,43454.0,Maj. Myint Swe,NUP,30,12549
0,Kyaukse-1,48534.0,774.0,4.0,Mandalay,35479.0,40018.0,Aung Kyaw Oo,NLD,72,25415
1,Kyaukse-1,48534.0,774.0,4.0,Mandalay,35479.0,40018.0,Chit Swe,PUO,24,8407
0,Kyaukse-2,47027.0,779.0,5.0,Mandalay,34394.0,39174.0,Kyaw Win,NLD,66,22866
1,Kyaukse-2,47027.0,779.0,5.0,Mandalay,34394.0,39174.0,Khin Maung Than,NUP,30,10198
0,Tada-U-1,37804.0,783.0,4.0,Mandalay,24942.0,28712.0,Ayar,NLD,67,16686
1,Tada-U-1,37804.0,783.0,4.0,Mandalay,24942.0,28712.0,Maj. Tin Aung,NUP,31,7629
0,Tada-U-2,37967.0,787.0,5.0,Mandalay,25897.0,30525.0,Than Ni,NLD,63,16423
1,Tada-U-2,37967.0,787.0,5.0,Mandalay,25897.0,30525.0,Capt. Myint Swe,NUP,32,8354
0,Singaing-1,31808.0,791.0,6.0,Mandalay,24641.0,27285.0,Dr. Soe Myint,NLD,75,18461
1,Singaing-1,31808.0,791.0,6.0,Mandalay,24641.0,27285.0,Tun Tin,NUP,20,4822
0,Singaing-2,29359.0,795.0,6.0,Mandalay,22379.0,24802.0,Dr. Hla Soe Nyunt,NLD,69,15458
1,Singaing-2,29359.0,795.0,6.0,Mandalay,22379.0,24802.0,Kho,PUO,22,4921
0,Myittha-1,40971.0,800.0,6.0,Mandalay,29520.0,34695.0,Daw Ohn Kyi,NLD,71,20903
1,Myittha-1,40971.0,800.0,6.0,Mandalay,29520.0,34695.0,Ohn Maung,NUP,23,6935
0,Myittha-2,42882.0,804.0,7.0,Mandalay,29741.0,35283.0,Myo Myint,NLD,61,18129
1,Myittha-2,42882.0,804.0,7.0,Mandalay,29741.0,35283.0,Mya Maung,NUP,26,7697
0,Bogale-1,83906.0,809.0,3.0,Ayeyarwady,38608.0,45958.0,Win Kyaing,NLD,52,19953
1,Bogale-1,83906.0,809.0,3.0,Ayeyarwady,38608.0,45958.0,Khin Maung Gyi,NUP,47,17964
0,Bogale-2,89656.0,813.0,3.0,Ayeyarwady,52045.0,58635.0,Dr. Sein Myint,NLD,55,28259
1,Bogale-2,89656.0,813.0,3.0,Ayeyarwady,52045.0,58635.0,Maj-Gen Myint Lwin,NUP,44,22882
0,Magway-1,73001.0,817.0,6.0,Magway,47536.0,51016.0,Kyaw Myint,NLD,78,36934
1,Magway-1,73001.0,817.0,6.0,Magway,47536.0,51016.0,Col. Sein aung,NUP,17,7887
0,Magway-2,72654.0,821.0,5.0,Magway,46910.0,51533.0,Aung Soe,NLD,73,34012
1,Magway-2,72654.0,821.0,5.0,Magway,46910.0,51533.0,Nyunt Hlaing,NUP,24,11167
0,Chauk-1,58464.0,825.0,8.0,Magway,38181.0,43366.0,Myint Thein,NLD,76,29135
1,Chauk-1,58464.0,825.0,8.0,Magway,38181.0,43366.0,Hla Kyee Maung,NUP,19,7278
0,Chauk-2,58727.0,829.0,3.0,Magway,38047.0,43437.0,Dr. Nyunt Sein,NLD,75,28501
1,Chauk-2,58727.0,829.0,3.0,Magway,38047.0,43437.0,Than Nyunt,WUO,24,9082
0,Myothit-1,37313.0,834.0,4.0,Magway,21136.0,24478.0,Tha Aung,NLD,65,13798
1,Myothit-1,37313.0,834.0,4.0,Magway,21136.0,24478.0,Col. Aung Win,PUO,27,5780
0,Myothit-2,36715.0,839.0,3.0,Magway,22409.0,26679.0,Chit Htwe,NLD,70,15647
1,Myothit-2,36715.0,839.0,3.0,Magway,22409.0,26679.0,Tin Wan,PUO,24,5358
0,Hpa-an-1,56084.0,844.0,5.0,Kayin,25489.0,30566.0,Saw Chit Than,NLD,72,18272
1,Hpa-an-1,56084.0,844.0,5.0,Kayin,25489.0,30566.0,Saw Kyaw Khin Win,NUP,22,5582
0,Hpa-an-2,54177.0,849.0,6.0,Kayin,29616.0,34507.0,Tun Chit,NLD,59,17544
1,Hpa-an-2,54177.0,849.0,6.0,Kayin,29616.0,34507.0,Nai Ngwe Thein,MNDF,19,5643
2,Hpa-an-2,54177.0,849.0,6.0,Kayin,29616.0,34507.0,Nai Ohn Maung,NUP,17,4947
0,Hpa-an-3,52590.0,857.0,4.0,Kayin,24983.0,29737.0,Nang Khin Htwe Myint,NLD,74,18423
1,Hpa-an-3,52590.0,857.0,4.0,Kayin,24983.0,29737.0,Saw Aung Pwint,NUP,15,3664
2,Hpa-an-3,52590.0,857.0,4.0,Kayin,24983.0,29737.0,Khun Kyo Shein,UPNO,10,2526
0,Kyaikto-1,39706.0,862.0,3.0,Mon,24657.0,28819.0,Ye Htut,NLD,66,16281
1,Kyaikto-1,39706.0,862.0,3.0,Mon,24657.0,28819.0,Col. Aung Tun,NUP,32,7893
0,Kyaikto-2,34295.0,866.0,2.0,Mon,22244.0,24767.0,Dr. Aye Zan,NLD,72,15978
1,Kyaikto-2,34295.0,866.0,2.0,Mon,22244.0,24767.0,Lt-Col Maung Nyo,NUP,28,6266
0,Paung-1,56187.0,870.0,4.0,Mon,36287.0,41116.0,Nyan Win,NLD,55,20032
1,Paung-1,56187.0,870.0,4.0,Mon,36287.0,41116.0,Nai Thein Maung,MNDF,24,8630
2,Paung-1,56187.0,870.0,4.0,Mon,36287.0,41116.0,Kyaw Sein,NUP,18,6709
0,Paung-2,57566.0,878.0,4.0,Mon,35931.0,41348.0,Nai Thaung Nyunt,NLD,59,21242
1,Paung-2,57566.0,878.0,4.0,Mon,35931.0,41348.0,Tin Kyi,NUP,26,9423
2,Paung-2,57566.0,878.0,4.0,Mon,35931.0,41348.0,Nai Maung Sein,MNDF,13,4770
0,Nyaungdon-1,52348.0,886.0,4.0,Ayeyarwady,32962.0,38168.0,Aung Kyaing,NLD,52,17078
1,Nyaungdon-1,52348.0,886.0,4.0,Ayeyarwady,32962.0,38168.0,Kyaw Than,NUP,36,11854
2,Nyaungdon-1,52348.0,886.0,4.0,Ayeyarwady,32962.0,38168.0,Khin Than,DFNR,11,3473
0,Nyaungdon-2,50671.0,894.0,5.0,Ayeyarwady,28867.0,35371.0,Tha Soe,NLD,54,15675
1,Nyaungdon-2,50671.0,894.0,5.0,Ayeyarwady,28867.0,35371.0,Mahn Hla Thein,NUP,35,10143
0,Pantanaw-1,60099.0,898.0,5.0,Ayeyarwady,37113.0,43648.0,Dr. Tin Min Htut,NLD,57,21160
1,Pantanaw-1,60099.0,898.0,5.0,Ayeyarwady,37113.0,43648.0,Maung Maung Nyan,NUP,39,14404
0,Pantanaw-2,61192.0,903.0,5.0,Ayeyarwady,36113.0,42204.0,Mahn Nyunt Thein,NLD,59,21353
1,Pantanaw-2,61192.0,903.0,5.0,Ayeyarwady,36113.0,42204.0,Mahn Thet Tin,NUP,36,13110
0,Zalun-1,55571.0,907.0,3.0,Ayeyarwady,37616.0,42309.0,Kyaw Myint,NLD,63,23519
1,Zalun-1,55571.0,907.0,3.0,Ayeyarwady,37616.0,42309.0,Tin Tun,NUP,36,13674
0,Zalun-2,54361.0,911.0,4.0,Ayeyarwady,38905.0,43673.0,Col. Kyi Win,NLD,71,27558
1,Zalun-2,54361.0,911.0,4.0,Ayeyarwady,38905.0,43673.0,San Win,NUP,26,10304
0,Falam-1,12531.0,916.0,3.0,Chin,9511.0,9928.0,C.K. Taikwell,CNLD,65,6127
1,Falam-1,12531.0,916.0,3.0,Chin,9511.0,9928.0,Im Htawng,NLD,20,1915
2,Falam-1,12531.0,916.0,3.0,Chin,9511.0,9928.0,Wong Htawng,NUP,15,1459
0,Falam-2,12501.0,924.0,3.0,Chin,9454.0,9899.0,Zahle Htan,CNLD,50,4753
1,Falam-2,12501.0,924.0,3.0,Chin,9454.0,9899.0,No Zam,NLD,30,2866
2,Falam-2,12501.0,924.0,3.0,Chin,9454.0,9899.0,Kam Liam Bwe,NUP,19,1835
0,Wetlet-1,54571.0,932.0,5.0,Sagaing,37858.0,41951.0,Tun Myaing,NLD,63,23986
1,Wetlet-1,54571.0,932.0,5.0,Sagaing,37858.0,41951.0,Thein Ya,PUO,27,10276
0,Wetlet-2,55931.0,937.0,5.0,Sagaing,39562.0,43864.0,Daw Khin San Hlaing,NLD,75,29805
1,Wetlet-2,55931.0,937.0,5.0,Sagaing,39562.0,43864.0,Khin Maung Kyaw,NUP,20,7941
0,Kyunlha,32647.0,942.0,4.0,Sagaing,24012.0,26627.0,Kyee Maung,NLD,74,17729
1,Kyunlha,32647.0,942.0,4.0,Sagaing,24012.0,26627.0,Tin Nyunt,PUO,21,5065
0,Ye-U-1,32692.0,947.0,4.0,Sagaing,22605.0,25037.0,Htay Maung,NLD,71,16109
1,Ye-U-1,32692.0,947.0,4.0,Sagaing,22605.0,25037.0,Mya Maung,PUO,24,5472
0,Ye-U-2,32752.0,952.0,3.0,Sagaing,24540.0,26241.0,Win Ko,NLD,66,16304
1,Ye-U-2,32752.0,952.0,3.0,Sagaing,24540.0,26241.0,Taik Kyee Aung,NUP,31,7499
0,Tabayin-1,33332.0,956.0,5.0,Sagaing,23819.0,25118.0,Bo Moung,NLD,77,18454
1,Tabayin-1,33332.0,956.0,5.0,Sagaing,23819.0,25118.0,Dr. Tin Win,NUP,18,4248
0,Tabayin-2,36528.0,960.0,5.0,Sagaing,24746.0,27099.0,Win Myint Aung,NLD,71,17448
1,Tabayin-2,36528.0,960.0,5.0,Sagaing,24746.0,27099.0,Capt. Aung Khin,NUP,19,4729
0,Hakha,19528.0,964.0,5.0,Chin,13907.0,14995.0,Liam Ok,Independent,37,5149
1,Hakha,19528.0,964.0,5.0,Chin,13907.0,14995.0,Vam Ku,NUP,27,3690
2,Hakha,19528.0,964.0,5.0,Chin,13907.0,14995.0,Hare Liam Kio,CNLD,18,2478
3,Hakha,19528.0,964.0,5.0,Chin,13907.0,14995.0,Mang Liam,NLD,17,2389
0,Thantlang,25604.0,974.0,5.0,Chin,19258.0,20255.0,Dr. Hmu Tang,Independ.,38,7322
1,Thantlang,25604.0,974.0,5.0,Chin,19258.0,20255.0,Non Ok,CNLD,28,5463
2,Thantlang,25604.0,974.0,5.0,Chin,19258.0,20255.0,Ngwe Soe,NLD,17,3199
3,Thantlang,25604.0,974.0,5.0,Chin,19258.0,20255.0,Hmon Kio,NUP,17,3178
0,Tonzang,12899.0,984.0,3.0,Chin,9582.0,9923.0,Tan Tang Lian Pau,ZNC,36,3483
1,Tonzang,12899.0,984.0,3.0,Chin,9582.0,9923.0,Kham Khang Tang,NLD,35,3401
2,Tonzang,12899.0,984.0,3.0,Chin,9582.0,9923.0,Lian Gyi,NUP,28,2698
0,Tiddim-1,18651.0,993.0,4.0,Chin,13137.0,13831.0,Ngint Tang,NLD,44,5716
1,Tiddim-1,18651.0,993.0,4.0,Chin,13137.0,13831.0,Pu Wont Za Kap,ZNC,27,3481
2,Tiddim-1,18651.0,993.0,4.0,Chin,13137.0,13831.0,Col. Cin Kho Win,NUP,26,3413
0,Tiddim-2,18180.0,1001.0,4.0,Chin,13021.0,13674.0,Pu Kyint Shin Htang,ZNC,42,5408
1,Tiddim-2,18180.0,1001.0,4.0,Chin,13021.0,13674.0,C Vin Kyu,NLD,24,3159
2,Tiddim-2,18180.0,1001.0,4.0,Chin,13021.0,13674.0,Pau Do Nan,NUP,22,2915
3,Tiddim-2,18180.0,1001.0,4.0,Chin,13021.0,13674.0,Soon Kyint Liam,LDP,12,1539
0,Daze-1,39720.0,1010.0,4.0,Sagaing,23970.0,28921.0,Lt-Col Kyaw Hsan,NLD,79,18862
1,Daze-1,39720.0,1010.0,4.0,Sagaing,23970.0,28921.0,Kyaw Htein,NUP,19,4617
0,Daze-2,40555.0,1014.0,4.0,Sagaing,24742.0,29560.0,Pe Than,NLD,66,16387
1,Daze-2,40555.0,1014.0,4.0,Sagaing,24742.0,29560.0,Saw Maung,NUP,28,7009
0,Kanbalu-1,55029.0,1018.0,5.0,Sagaing,36681.0,42683.0,Thein Pe,Independent,47,17364
1,Kanbalu-1,55029.0,1018.0,5.0,Sagaing,36681.0,42683.0,Aye Kha,NLD,28,10120
2,Kanbalu-1,55029.0,1018.0,5.0,Sagaing,36681.0,42683.0,Win Maung,YUO,21,7806
0,Kanbalu-2,55285.0,1027.0,7.0,Sagaing,40390.0,46253.0,Myint Naing,NLD,76,30628
1,Kanbalu-2,55285.0,1027.0,7.0,Sagaing,40390.0,46253.0,Tin Hla,NUP,19,7768
0,Shwebo-1,67433.0,1031.0,4.0,Sagaing,50613.0,54321.0,Dr. Aung Bo,NLD,62,31270
1,Shwebo-1,67433.0,1031.0,4.0,Sagaing,50613.0,54321.0,Brig-Gen Than Nyunt,PUO,33,16769
0,Shwebo-2,68208.0,1035.0,5.0,Sagaing,53231.0,57097.0,Than Tun,NLD,69,36958
1,Shwebo-2,68208.0,1035.0,5.0,Sagaing,53231.0,57097.0,Maj. Aung Than,NUP,22,11631
0,Khin-U-1,35924.0,1039.0,4.0,Sagaing,22642.0,26580.0,Khin Maung Thein,NLD,68,15367
1,Khin-U-1,35924.0,1039.0,4.0,Sagaing,22642.0,26580.0,Kan Gyi,NUP,21,4803
0,Khin-U-2,35512.0,1043.0,3.0,Sagaing,23711.0,27892.0,Thaung Myint,NLD,60,14267
1,Khin-U-2,35512.0,1043.0,3.0,Sagaing,23711.0,27892.0,Khin Maung Thein,NUP,23,5299
2,Khin-U-2,35512.0,1043.0,3.0,Sagaing,23711.0,27892.0,Tin Win,LDP,17,4145
0,Gyobingauk-2,33672.0,1053.0,5.0,Bago,19857.0,23528.0,Aye,NLD,55,11008
1,Gyobingauk-2,33672.0,1053.0,5.0,Bago,19857.0,23528.0,Nyunt Shein,NUP,37,7275
0,Kya-in-Seikkyi-1,11265.0,1057.0,2.0,Kayin,2861.0,3879.0,Hla Maung,POCL,72,2054
1,Kya-in-Seikkyi-1,11265.0,1057.0,2.0,Kayin,2861.0,3879.0,Saw Kyaw Sein,YUO,28,807
0,Kya-in-Seikkyi-2,11157.0,1062.0,4.0,Kayin,3563.0,4424.0,Kyin Thein,NLD,67,2398
1,Kya-in-Seikkyi-2,11157.0,1062.0,4.0,Kayin,3563.0,4424.0,Saw Ba Lwin,NUP,21,756
2,Kya-in-Seikkyi-2,11157.0,1062.0,4.0,Kayin,3563.0,4424.0,Nai Tun Pa,MNDF,10,341
0,Papun-1,7840.0,1070.0,3.0,Kayin,4129.0,4554.0,Aung Than,NLD,62,2574
1,Papun-1,7840.0,1070.0,3.0,Kayin,4129.0,4554.0,Aye Thein,NUP,35,1458
0,Papun-2,2210.0,1074.0,2.0,Kayin,825.0,897.0,Ba Aye,NLD,63,516
1,Papun-2,2210.0,1074.0,2.0,Kayin,825.0,897.0,Saw Ba Ni,NUP,37,309
0,Kawkareik-1,30972.0,1078.0,4.0,Kayin,18968.0,22192.0,Mahn Myaing Aye,NLD,71,13379
1,Kawkareik-1,30972.0,1078.0,4.0,Kayin,18968.0,22192.0,Saw Han Thein,NUP,21,4041
0,Kawkareik-2,34854.0,1082.0,4.0,Kayin,21402.0,24475.0,Nai Thaung Shein,MNDF,49,10444
1,Kawkareik-2,34854.0,1082.0,4.0,Kayin,21402.0,24475.0,Ye Myint,NLD,31,6552
2,Kawkareik-2,34854.0,1082.0,4.0,Kayin,21402.0,24475.0,Tin Hla,NUP,18,3832
0,Myawadi,8882.0,1090.0,3.0,Kayin,5645.0,6461.0,Sein Bo,NLD,76,4283
1,Myawadi,8882.0,1090.0,3.0,Kayin,5645.0,6461.0,Sein Aung,NUP,22,1249
0,Mahlaing-1,47457.0,1094.0,5.0,Mandalay,32891.0,36208.0,Saw Shwe,NLD,60,19595
1,Mahlaing-1,47457.0,1094.0,5.0,Mandalay,32891.0,36208.0,Khin Maung Than,NUP,36,11797
0,Mahlaing-2,47296.0,1098.0,7.0,Mandalay,29389.0,35018.0,Maung Maung Myint,NLD,56,16468
1,Mahlaing-2,47296.0,1098.0,7.0,Mandalay,29389.0,35018.0,San Ni,NUP,33,9703
0,Madaya-1,53421.0,1102.0,5.0,Mandalay,39668.0,43721.0,Dr. Aung Wai,NLD,68,27153
1,Madaya-1,53421.0,1102.0,5.0,Mandalay,39668.0,43721.0,Tun Pe,NUP,28,10918
0,Madaya-2,44502.0,1106.0,6.0,Mandalay,33554.0,37014.0,Than Lwin,NLD,70,23364
1,Madaya-2,44502.0,1106.0,6.0,Mandalay,33554.0,37014.0,Bo Htein,NUP,28,9315
0,Meiktila-1,89460.0,1110.0,6.0,Mandalay,56951.0,65622.0,Maung Maung Myint,NLD,59,33664
1,Meiktila-1,89460.0,1110.0,6.0,Mandalay,56951.0,65622.0,Ba Htoo,WUO,28,15902
0,Meiktila-2,82376.0,1116.0,5.0,Mandalay,46567.0,53819.0,Dr. Thein Lwin,NLD,62,28913
1,Meiktila-2,82376.0,1116.0,5.0,Mandalay,46567.0,53819.0,Dr. Chit,PUO,23,10667
0,Thazi-1,46868.0,1121.0,3.0,Mandalay,34499.0,38484.0,Thein Maung,NLD,61,21050
1,Thazi-1,46868.0,1121.0,3.0,Mandalay,34499.0,38484.0,Kyaw Thant,NUP,27,9161
2,Thazi-1,46868.0,1121.0,3.0,Mandalay,34499.0,38484.0,Aung Hla,LDP,12,4288
0,Thazi-2,46564.0,1129.0,4.0,Mandalay,33130.0,36372.0,Maung Maung Lay,NLD,58,19079
1,Thazi-2,46564.0,1129.0,4.0,Mandalay,33130.0,36372.0,Soe Wunna,NUP,37,12125
0,Wundwin-1,56395.0,1133.0,6.0,Mandalay,40552.0,44474.0,Thaung Tin,NLD,66,26616
1,Wundwin-1,56395.0,1133.0,6.0,Mandalay,40552.0,44474.0,Kyaw Myint,NUP,28,11482
0,Wundwin-2,58081.0,1137.0,4.0,Mandalay,44486.0,47263.0,Hla Aung,NLD,67,29802
1,Wundwin-2,58081.0,1137.0,4.0,Mandalay,44486.0,47263.0,Thura Tin Maung Aye,NUP,30,13462
0,Thabeikkyin,34787.0,1141.0,4.0,Mandalay,29835.0,23071.0,Maw,NLD,69,14371
1,Thabeikkyin,34787.0,1141.0,4.0,Mandalay,29835.0,23071.0,Tha Tun,NUP,25,5270
0,Gangaw,58228.0,1146.0,2.0,Magway,43416.0,47719.0,Aung Htoo,NLD,75,32587
1,Gangaw,58228.0,1146.0,2.0,Magway,43416.0,47719.0,Maung Ko,NUP,25,10829
0,Pakokku-1,81979.0,1150.0,5.0,Magway,57546.0,64578.0,Dr. Kyi Min,NLD,74,42684
1,Pakokku-1,81979.0,1150.0,5.0,Magway,57546.0,64578.0,Naing Win,NUP,23,13060
0,Pakokku-2,79497.0,1154.0,6.0,Magway,58519.0,64872.0,Hlaing Aye,NLD,70,49782
1,Pakokku-2,79497.0,1154.0,6.0,Magway,58519.0,64872.0,Lt-Col San Tin,NUP,25,14871
0,Yesagyo-1,65352.0,1158.0,4.0,Magway,44068.0,49402.0,Maw Ni,NLD,64,28381
1,Yesagyo-1,65352.0,1158.0,4.0,Magway,44068.0,49402.0,Tin Maung,NUP,33,14368
0,Yesagyo-2,63010.0,1162.0,5.0,Magway,45645.0,50005.0,Tin Maung,NLD,64,29316
1,Yesagyo-2,63010.0,1162.0,5.0,Magway,45645.0,50005.0,Col. Tin Maung,PUO,33,14960
0,Bilin-1,42507.0,1167.0,4.0,Mon,23879.0,27976.0,Maung Maung Latt,NLD,71,16912
1,Bilin-1,42507.0,1167.0,4.0,Mon,23879.0,27976.0,Col. Thaung Dan,NUP,26,6103
0,Bilin-2,38462.0,1171.0,5.0,Mon,20772.0,24425.0,Maung Maung,NLD,68,14100
1,Bilin-2,38462.0,1171.0,5.0,Mon,20772.0,24425.0,Saw Moses,NUP,30,6143
0,Ye-1,47746.0,1175.0,4.0,Mon,24429.0,28198.0,Dr. Min Moe Lin,MNDF,61,14992
1,Ye-1,47746.0,1175.0,4.0,Mon,24429.0,28198.0,Kyu,NLD,30,7441
2,Ye-1,47746.0,1175.0,4.0,Mon,24429.0,28198.0,Kyaw Than,NUP,7,1728
0,Ye-2,33834.0,1183.0,3.0,Mon,21391.0,23329.0,Dr. Kyin Thein,NLD,65,13879
1,Ye-2,33834.0,1183.0,3.0,Mon,21391.0,23329.0,Nai Maung Min,MNDF,25,5319
2,Ye-2,33834.0,1183.0,3.0,Mon,21391.0,23329.0,San Thaung,NUP,10,2193
0,Mudon-1,60187.0,1191.0,6.0,Mon,37794.0,41916.0,Daw Tin Saw Oo,NLD,54,20472
1,Mudon-1,60187.0,1191.0,6.0,Mon,37794.0,41916.0,Nai Pan Aung,MNDF,23,8710
2,Mudon-1,60187.0,1191.0,6.0,Mon,37794.0,41916.0,Khin Maung,NUP,18,6676
0,Mudon-2,58218.0,1199.0,5.0,Mon,36926.0,42377.0,Dr. Kyi Win,MNDF,66,24430
1,Mudon-2,58218.0,1199.0,5.0,Mon,36926.0,42377.0,Daw Nyunt Yi,NLD,27,9842
2,Mudon-2,58218.0,1199.0,5.0,Mon,36926.0,42377.0,Khin Myint,YUO,6,2063
0,Mawlamyine-1,80530.0,1208.0,8.0,Mon,51265.0,56653.0,Lun Tin,NLD,77,39624
1,Mawlamyine-1,80530.0,1208.0,8.0,Mon,51265.0,56653.0,Dr. Mehm Thet San,NUP,17,8904
0,Mawlamyine-2,75679.0,1212.0,6.0,Mon,49874.0,54573.0,Chan Aye,NLD,73,36508
1,Mawlamyine-2,75679.0,1212.0,6.0,Mon,49874.0,54573.0,Aung Win,WUO,16,7794
0,Chaungzon-1,36762.0,1217.0,5.0,Mon,23272.0,27043.0,Aung Kyi Nyunt,NLD,44,10344
1,Chaungzon-1,36762.0,1217.0,5.0,Mon,23272.0,27043.0,Nai Tun Wai,MNDF,38,8821
2,Chaungzon-1,36762.0,1217.0,5.0,Mon,23272.0,27043.0,Tun Thaung,NUP,15,3578
0,Chaungzon-2,35547.0,1225.0,4.0,Mon,22758.0,27076.0,Daw Khin Htay Kywe,NLD,80,18307
1,Chaungzon-2,35547.0,1225.0,4.0,Mon,22758.0,27076.0,Ohn Lwin,NUP,15,3303
0,Ngapudaw-1,72615.0,1229.0,3.0,Ayeyarwady,41265.0,46740.0,David Hla Myint,NLD,66,27111
1,Ngapudaw-1,72615.0,1229.0,3.0,Ayeyarwady,41265.0,46740.0,Col Maung Maung Aye,PUO,32,13152
0,Ngapudaw-2,76475.0,1234.0,4.0,Ayeyarwady,47860.0,54218.0,Dr. Sit Tin,NLD,67,32239
1,Ngapudaw-2,76475.0,1234.0,4.0,Ayeyarwady,47860.0,54218.0,Kan Tun,PUO,30,14512
0,Pathein East-1,50597.0,1239.0,4.0,Ayeyarwady,32770.0,38637.0,Nyunt Hlaing,NLD,60,19651
1,Pathein East-1,50597.0,1239.0,4.0,Ayeyarwady,32770.0,38637.0,Htain Lin,NUP,35,11619
0,Pathein East-2,48409.0,1243.0,5.0,Ayeyarwady,31767.0,38034.0,Hla Kyi,NLD,61,19293
1,Pathein East-2,48409.0,1243.0,5.0,Ayeyarwady,31767.0,38034.0,Saw Jelson,NUP,34,10744
0,Pathein West-1,76777.0,1247.0,5.0,Ayeyarwady,48918.0,56925.0,Tin Chaw,NLD,59,28829
1,Pathein West-1,76777.0,1247.0,5.0,Ayeyarwady,48918.0,56925.0,Chit Sein,NUP,36,17371
0,Pathein West-2,77222.0,1251.0,6.0,Ayeyarwady,46989.0,54357.0,Kyaw Min,NLD,69,32304
1,Pathein West-2,77222.0,1251.0,6.0,Ayeyarwady,46989.0,54357.0,Win Maung,NUP,29,13618
0,Mogok-1,39535.0,1256.0,6.0,Mandalay,22814.0,25348.0,Daw May Hnin Kyi,NLD,72,16439
1,Mogok-1,39535.0,1256.0,6.0,Mandalay,22814.0,25348.0,Maj. Kyaw Nyein,NUP,14,3306
2,Mogok-1,39535.0,1256.0,6.0,Mandalay,22814.0,25348.0,Mushin Hsaik,LNS,10,2274
0,Mogok-2,36726.0,1264.0,6.0,Mandalay,22873.0,24596.0,Bo Hla Tint,NLD,72,16527
1,Mogok-2,36726.0,1264.0,6.0,Mandalay,22873.0,24596.0,Kyaw Win,NUP,17,3818
0,Pyin-Oo-Lwin-1 [Maymyo],38050.0,1268.0,5.0,Mandalay,23731.0,26295.0,Hla Saw Oo,NLD,49,11632
1,Pyin-Oo-Lwin-1 [Maymyo],38050.0,1268.0,5.0,Mandalay,23731.0,26295.0,Myint Than,NUP,29,6778
2,Pyin-Oo-Lwin-1 [Maymyo],38050.0,1268.0,5.0,Mandalay,23731.0,26295.0,Khin Maung Nyunt,UNDP,12,2779
0,Pyin-Oo-Lwin-2,39296.0,1276.0,8.0,Mandalay,22806.0,27749.0,Peter Linpin,Independent,30,6943
1,Pyin-Oo-Lwin-2,39296.0,1276.0,8.0,Mandalay,22806.0,27749.0,Col. Maung Maung,NUP,28,6282
2,Pyin-Oo-Lwin-2,39296.0,1276.0,8.0,Mandalay,22806.0,27749.0,Khin Maung Myint,NLD,24,5551
0,Kawthaung,26256.0,1281.0,5.0,Tanintharyi,11567.0,13677.0,Hla Min,NLD,75,8652
1,Kawthaung,26256.0,1281.0,5.0,Tanintharyi,11567.0,13677.0,Thaung Shein,NUP,19,2242
0,Palaw,44726.0,1285.0,3.0,Tanintharyi,24965.0,28745.0,Kyi Shwe,NLD,88,22088
1,Palaw,44726.0,1285.0,3.0,Tanintharyi,24965.0,28745.0,Ba Thee,NUP,10,2499
0,Tanintharyi,24303.0,1289.0,4.0,Tanintharyi,9559.0,11776.0,Win Oo,NLD,89,8542
1,Tanintharyi,24303.0,1289.0,4.0,Tanintharyi,9559.0,11776.0,Hla Tun,NUP,7,685
0,Bokepyin,18137.0,1293.0,2.0,Tanintharyi,6251.0,7064.0,Ohn Myint,NLD,74,4651
1,Bokepyin,18137.0,1293.0,2.0,Tanintharyi,6251.0,7064.0,Sai Mung Htan,NUP,26,1610
0,Kyunzu,46686.0,1297.0,3.0,Tanintharyi,16696.0,19680.0,Khin Maung Oo,NLD,81,13568
1,Kyunzu,46686.0,1297.0,3.0,Tanintharyi,16696.0,19680.0,Min Lwin,PUO,16,2679
0,Muse-1,24082.0,1302.0,2.0,Shan,15969.0,17217.0,Sai Hla Pe,SNLD,91,14603
1,Muse-1,24082.0,1302.0,2.0,Shan,15969.0,17217.0,Sai Khin Maung Lay,NUP,9,1366
0,Muse-2,16485.0,1307.0,2.0,Shan,8556.0,10058.0,Sai Maung Lay,SNLD,53,4500
1,Muse-2,16485.0,1307.0,2.0,Shan,8556.0,10058.0,Yein Bawng,PUO,47,4056
0,Mongyai,9323.0,1312.0,2.0,Shan,4385.0,5489.0,Hla Din,SNLD,79,3472
1,Mongyai,9323.0,1312.0,2.0,Shan,4385.0,5489.0,Saw Ohn Sein,NUP,21,913
0,Namhkam,44789.0,1317.0,3.0,Shan,32298.0,36095.0,Sai Tha Aye,SNLD,63,20198
1,Namhkam,44789.0,1317.0,3.0,Shan,32298.0,36095.0,Yaini,TNLD,34,11131
0,Tangyan-1,10447.0,1321.0,4.0,Shan,3411.0,4251.0,Hkun Gyi,SNLD,55,1865
1,Tangyan-1,10447.0,1321.0,4.0,Shan,3411.0,4251.0,Sai Myint Swe,PUO,17,583
2,Tangyan-1,10447.0,1321.0,4.0,Shan,3411.0,4251.0,Sai Aung Pu,NLD,17,571
3,Tangyan-1,10447.0,1321.0,4.0,Shan,3411.0,4251.0,Jip Seinn,WNDP,11,392
0,Tangyan-2,12492.0,1332.0,4.0,Shan,5694.0,6647.0,Tun Sa,SNLD,41,2322
1,Tangyan-2,12492.0,1332.0,4.0,Shan,5694.0,6647.0,Daw Yin Yin May,NLD,37,2110
2,Tangyan-2,12492.0,1332.0,4.0,Shan,5694.0,6647.0,Sai Tun Tun Lwin,NUP,13,747
0,Kutkai-1,12535.0,1340.0,5.0,Shan,4969.0,6121.0,Hkun Saing,NLD,35,1761
1,Kutkai-1,12535.0,1340.0,5.0,Shan,4969.0,6121.0,Daw Nang Yun,NUP,26,1294
2,Kutkai-1,12535.0,1340.0,5.0,Shan,4969.0,6121.0,Maung Kyaw,TNLD,18,705
3,Kutkai-1,12535.0,1340.0,5.0,Shan,4969.0,6121.0,Labya Gan,SSKDP,12,591
0,Kutkai-2,6898.0,1350.0,6.0,Shan,3774.0,4522.0,Ai Yi,TNLD,35,1316
1,Kutkai-2,6898.0,1350.0,6.0,Shan,3774.0,4522.0,Hkun Naung,NLD,20,738
2,Kutkai-2,6898.0,1350.0,6.0,Shan,3774.0,4522.0,Hkun Sam,SNLD,17,633
3,Kutkai-2,6898.0,1350.0,6.0,Shan,3774.0,4522.0,M Zau Nang,YUO,11,428
0,Kyaukme-1,39397.0,1361.0,4.0,Shan,18681.0,23709.0,Hla Pe,SNLD,48,9045
1,Kyaukme-1,39397.0,1361.0,4.0,Shan,18681.0,23709.0,Ye Lwin,NLD,32,6037
2,Kyaukme-1,39397.0,1361.0,4.0,Shan,18681.0,23709.0,Kya Tun,TNLD,11,2092
3,Kyaukme-1,39397.0,1361.0,4.0,Shan,18681.0,23709.0,Hkun Myint,NUP,8,1507
0,Kyaukme-2,32502.0,1371.0,4.0,Shan,16597.0,19963.0,Sai Hsaung Hsi,SNLD,51,8427
1,Kyaukme-2,32502.0,1371.0,4.0,Shan,16597.0,19963.0,Sai Kyaw Shwe,NLD,30,4966
2,Kyaukme-2,32502.0,1371.0,4.0,Shan,16597.0,19963.0,Ottama,NUP,14,2389
0,Nawnghkio,53026.0,1379.0,4.0,Shan,33139.0,38397.0,Tun Aung,NLD,57,18886
1,Nawnghkio,53026.0,1379.0,4.0,Shan,33139.0,38397.0,Tun Kyi,SNLD,19,6303
2,Nawnghkio,53026.0,1379.0,4.0,Shan,33139.0,38397.0,Tin Aung,NUP,15,5074
0,Saw,37458.0,1389.0,3.0,Magway,31110.0,33736.0,Kyaw Tin,NLD,60,18606
1,Saw,37458.0,1389.0,3.0,Magway,31110.0,33736.0,Thein Aung,NUP,29,8946
2,Saw,37458.0,1389.0,3.0,Magway,31110.0,33736.0,Dr. Ko Ko,DP,11,3556
0,Minhla,57204.0,1394.0,3.0,Magway,38167.0,43216.0,Chit Tin,NLD,57,21631
1,Minhla,57204.0,1394.0,3.0,Magway,38167.0,43216.0,Khant,NUP,41,15558
0,Sinbaungwe,55251.0,1398.0,5.0,Magway,36971.0,41433.0,Han Zaw,NLD,61,22637
1,Sinbaungwe,55251.0,1398.0,5.0,Magway,36971.0,41433.0,Taik Soe,NUP,36,13443
0,Mindon,37590.0,1402.0,5.0,Magway,29763.0,32529.0,Tun Win,NLD,68,20241
1,Mindon,37590.0,1402.0,5.0,Magway,29763.0,32529.0,Nyein Maung,NUP,27,8059
0,Kamma,43598.0,1406.0,6.0,Magway,33154.0,36678.0,Myint Aung,NLD,69,22711
1,Kamma,43598.0,1406.0,6.0,Magway,33154.0,36678.0,Pau Khan Thang,NUP,20,6585
0,Seikphyu,46749.0,1410.0,2.0,Magway,33515.0,39177.0,Soe Win,NLD,75,25100
1,Seikphyu,46749.0,1410.0,2.0,Magway,33515.0,39177.0,Shein Kyaw Win,NUP,25,8415
0,Thayet,57562.0,1414.0,5.0,Magway,33618.0,38694.0,Khin Maung Than,NLD,74,24879
1,Thayet,57562.0,1414.0,5.0,Magway,33618.0,38694.0,Win Maung,YUO,20,6812
0,Pauk-1,39413.0,1419.0,4.0,Magway,28308.0,31955.0,Khin Maung Kyi,NLD,61,17355
1,Pauk-1,39413.0,1419.0,4.0,Magway,28308.0,31955.0,Maung Maung,NUP,37,10371
0,Pauk-2,38018.0,1423.0,6.0,Magway,25446.0,29664.0,Aung Naing Oo,NLD,56,14310
1,Pauk-2,38018.0,1423.0,6.0,Magway,25446.0,29664.0,Tun Yi,NUP,34,8633
0,Htilin,31384.0,1427.0,3.0,Magway,24909.0,26702.0,Saw Win,NLD,58,14495
1,Htilin,31384.0,1427.0,3.0,Magway,24909.0,26702.0,Ant Maung,NUP,22,5453
2,Htilin,31384.0,1427.0,3.0,Magway,24909.0,26702.0,Kyaw Sint,Independent,20,4961
0,Myaing-1,66391.0,1435.0,4.0,Magway,41988.0,46265.0,Aung San Myint,NLD,72,30273
1,Myaing-1,66391.0,1435.0,4.0,Magway,41988.0,46265.0,Taik Kywe,NUP,26,10710
0,Myaing-2,62836.0,1439.0,5.0,Magway,39318.0,44772.0,Myint Aung,NLD,72,28340
1,Myaing-2,62836.0,1439.0,5.0,Magway,39318.0,44772.0,Tun Kyi,NUP,22,8647
0,Myayde-1,52274.0,1443.0,5.0,Magway,30132.0,34693.0,Nyunt Hlaing,NLD,57,17310
1,Myayde-1,52274.0,1443.0,5.0,Magway,30132.0,34693.0,Thaung Htut,NUP,37,11226
0,Myayde-2,56371.0,1447.0,4.0,Magway,33530.0,38848.0,Thein Zan,NLD,62,20717
1,Myayde-2,56371.0,1447.0,4.0,Magway,33530.0,38848.0,Pan Sein,NUP,35,11847
0,Taungdwingyi-1,62422.0,1451.0,6.0,Magway,41143.0,46560.0,Thein Kyi,NLD,71,29363
1,Taungdwingyi-1,62422.0,1451.0,6.0,Magway,41143.0,46560.0,Mya Maung,WUO,23,9605
0,Taungdwingyi-2,59768.0,1456.0,4.0,Magway,39182.0,44437.0,Than Naing,NLD,70,27436
1,Taungdwingyi-2,59768.0,1456.0,4.0,Magway,39182.0,44437.0,Kan Nyunt,NUP,26,10379
0,Yenangyoung-1,46454.0,1460.0,6.0,Magway,32445.0,35557.0,Thakin Khin Nyunt,NLD,76,24703
1,Yenangyoung-1,46454.0,1460.0,6.0,Magway,32445.0,35557.0,Ba Nyein,WUO,20,6489
0,Yenangyoung-2,46692.0,1465.0,6.0,Magway,30582.0,33065.0,Kyaw Kyaw,NLD,77,23516
1,Yenangyoung-2,46692.0,1465.0,6.0,Magway,30582.0,33065.0,Khin Maung Mya,NUP,20,6028
0,Natmauk-1,55749.0,1469.0,4.0,Magway,32837.0,37424.0,Bo Htwe,NLD,79,25806
1,Natmauk-1,55749.0,1469.0,4.0,Magway,32837.0,37424.0,Khin Maung Kyi,UBMAFPFL,15,4922
0,Natmauk-2,57049.0,1474.0,3.0,Magway,35776.0,40151.0,Aung Myint Thein,NLD,68,24168
1,Natmauk-2,57049.0,1474.0,3.0,Magway,35776.0,40151.0,Brig-Gen Ba Thein,NUP,30,10901
0,Taungup,63319.0,1479.0,4.0,Rakhine,35740.0,42904.0,Kyaw Khaing,NLD,77,27431
1,Taungup,63319.0,1479.0,4.0,Rakhine,35740.0,42904.0,Col. Tin Gyi,NUP,16,5557
0,Thandwe [Sandoway],67679.0,1483.0,6.0,Rakhine,46402.0,53390.0,Tun Yi,NLD,79,36789
1,Thandwe [Sandoway],67679.0,1483.0,6.0,Rakhine,46402.0,53390.0,Tun Pe Aung,NUP,18,8195
0,Gwa,36589.0,1487.0,4.0,Rakhine,22461.0,27363.0,Nyi Pu,NLD,71,15931
1,Gwa,36589.0,1487.0,4.0,Rakhine,22461.0,27363.0,Hla Kyaw Aung,NUP,21,4801
0,Buthidaung-1,58449.0,1491.0,7.0,Rakhine,41668.0,46065.0,Kyaw Min,NDPHR,74,30997
1,Buthidaung-1,58449.0,1491.0,7.0,Rakhine,41668.0,46065.0,Maung Maung,NUP,9,3933
2,Buthidaung-1,58449.0,1491.0,7.0,Rakhine,41668.0,46065.0,Nur-arlom,NLD,5,2049
0,Buthidaung-2,55095.0,1499.0,8.0,Rakine,40143.0,46037.0,Tin Maung,NDPHR,50,20045
1,Buthidaung-2,55095.0,1499.0,8.0,Rakine,40143.0,46037.0,Abul Tahail,SYLMD,28,11394
2,Buthidaung-2,55095.0,1499.0,8.0,Rakine,40143.0,46037.0,Aung Kyaw Oo,NUP,8,3387
3,Buthidaung-2,55095.0,1499.0,8.0,Rakine,40143.0,46037.0,Chit Maung,NLD,1,433
0,Htigyaint,46214.0,1509.0,5.0,Sagaing,33589.0,38045.0,Kyaw Win,NLD,67,22591
1,Htigyaint,46214.0,1509.0,5.0,Sagaing,33589.0,38045.0,Myint Soe,NUP,28,9350
0,Katha,59103.0,1513.0,4.0,Sagaing,36538.0,42719.0,Myaint Kyi,NLD,70,25753
1,Katha,59103.0,1513.0,4.0,Sagaing,36538.0,42719.0,Tin Oo,NUP,25,9285
0,Kawlin,60907.0,1517.0,4.0,Sagaing,41023.0,46519.0,Thein San,NLD,73,29986
1,Kawlin,60907.0,1517.0,4.0,Sagaing,41023.0,46519.0,Sein Kyaing,NUP,23,9302
0,Wuntho,33008.0,1521.0,3.0,Sagaing,21464.0,26379.0,Aung Khin,NLD,70,14963
1,Wuntho,33008.0,1521.0,3.0,Sagaing,21464.0,26379.0,Ye Htut,NUP,28,6016
0,Banmauk,37453.0,1525.0,3.0,Sagaing,22979.0,26251.0,Ba Nyein,NLD,56,12889
1,Banmauk,37453.0,1525.0,3.0,Sagaing,22979.0,26251.0,Nyunt Kyaw,NUP,25,5724
2,Banmauk,37453.0,1525.0,3.0,Sagaing,22979.0,26251.0,Chit Maung,FGGSNUDH,19,4366
0,Indaw,50067.0,1533.0,4.0,Sagaing,35129.0,39945.0,Saw Hlaing,NLD,79,27598
1,Indaw,50067.0,1533.0,4.0,Sagaing,35129.0,39945.0,Sein Lwin,NUP,18,6291
0,Pinlebu,47980.0,1537.0,4.0,Sagaing,35075.0,39776.0,Mya Aye,NLD,73,25497
1,Pinlebu,47980.0,1537.0,4.0,Sagaing,35075.0,39776.0,Tun Aung,NUP,24,8556
0,Hsipaw-1,18139.0,1541.0,3.0,Shan,10577.0,12233.0,Khun Tun Oo,SNLD,50,5268
1,Hsipaw-1,18139.0,1541.0,3.0,Shan,10577.0,12233.0,Sai Tin Zaw,NLD,36,3789
2,Hsipaw-1,18139.0,1541.0,3.0,Shan,10577.0,12233.0,Sai Aung Tun,NUP,14,1520
0,Hsipaw-2,13423.0,1549.0,3.0,Shan,8412.0,9461.0,Sai Aung Than,NLD,45,3826
1,Hsipaw-2,13423.0,1549.0,3.0,Shan,8412.0,9461.0,Naing Shwe Kyar,SNLD,44,3693
2,Hsipaw-2,13423.0,1549.0,3.0,Shan,8412.0,9461.0,Sai Chit Hlaing,NUP,11,893
0,Namhsan,19346.0,1557.0,3.0,Shan,9534.0,10914.0,Tun Kyaw,TNLD,64,6095
1,Namhsan,19346.0,1557.0,3.0,Shan,9534.0,10914.0,Kyaw Nyunt,NLD,25,2358
2,Namhsan,19346.0,1557.0,3.0,Shan,9534.0,10914.0,Khun Pwint,NUP,11,1081
0,Momeik,28799.0,1565.0,5.0,Shan,17253.0,20929.0,Dr. Ohn Maung,NLD,48,8203
1,Momeik,28799.0,1565.0,5.0,Shan,17253.0,20929.0,Daw Hla Kywe,SNLD,25,4262
2,Momeik,28799.0,1565.0,5.0,Shan,17253.0,20929.0,Mying Maung,NUP,19,3225
0,Namtu,32696.0,1573.0,4.0,Shan,17838.0,20133.0,Daw May Phyo,NLD,55,9782
1,Namtu,32696.0,1573.0,4.0,Shan,17838.0,20133.0,Aung Win,SNLD,30,5324
2,Namtu,32696.0,1573.0,4.0,Shan,17838.0,20133.0,Sai San Pe,NUP,10,1863
0,Mabein,13401.0,1581.0,3.0,Shan,10514.0,11547.0,Chit Khin,NLD,83,8767
1,Mabein,13401.0,1581.0,3.0,Shan,10514.0,11547.0,Myint,NUP,15,1616
0,Namsang,20941.0,1585.0,3.0,Shan,9736.0,11428.0,Sai Tin Win,SNLD,39,3752
1,Namsang,20941.0,1585.0,3.0,Shan,9736.0,11428.0,Win Maung,PUO,34,3343
2,Namsang,20941.0,1585.0,3.0,Shan,9736.0,11428.0,Khin Maung Phyu,NLD,27,2641
0,Yekyi-1,58576.0,1596.0,3.0,Ayeyarwady,45209.0,51009.0,Nyunt Win,NLD,63,28327
1,Yekyi-1,58576.0,1596.0,3.0,Ayeyarwady,45209.0,51009.0,Khin Maung Kyi,NUP,36,16069
0,Yekyi-2,61340.0,1600.0,4.0,Ayeyarwady,39879.0,46133.0,Maung Maung,NLD,67,26740
1,Yekyi-2,61340.0,1600.0,4.0,Ayeyarwady,39879.0,46133.0,Col. Myint Aung,NUP,30,11911
0,Mawlamyinegyunn-1,72418.0,1604.0,4.0,Ayeyarwady,47069.0,53247.0,Hla Pe,NLD,53,24960
1,Mawlamyinegyunn-1,72418.0,1604.0,4.0,Ayeyarwady,47069.0,53247.0,Capt. Thaung Nyunt,NUP,45,21395
0,Mawlamyinegyunn-2,70457.0,1608.0,5.0,Ayeyarwady,39215.0,45352.0,Tin Hla,NLD,52,20317
1,Mawlamyinegyunn-2,70457.0,1608.0,5.0,Ayeyarwady,39215.0,45352.0,Tin Mya,NUP,44,17173
0,Myaungmya-1,84757.0,1612.0,5.0,Ayeyarwady,51575.0,61112.0,Aung Kyin,NLD,53,27446
1,Myaungmya-1,84757.0,1612.0,5.0,Ayeyarwady,51575.0,61112.0,Maj. Aung Than,NUP,34,17780
0,Myaungmya-2,86526.0,1616.0,4.0,Ayeyarwady,45444.0,55724.0,Soe Min,NLD,59,26725
1,Myaungmya-2,86526.0,1616.0,4.0,Ayeyarwady,45444.0,55724.0,Kan Hla,YUO,33,15145
0,Kyonpyaw-1,66058.0,1621.0,5.0,Ayeyarwady,43508.0,50523.0,Mahn Johnny,NLD,73,31731
1,Kyonpyaw-1,66058.0,1621.0,5.0,Ayeyarwady,43508.0,50523.0,Tin Kyi,NUP,23,9850
0,Kyonpyaw-2,63678.0,1625.0,4.0,Ayeyarwady,44929.0,51579.0,Tin,NLD,69,30816
1,Kyonpyaw-2,63678.0,1625.0,4.0,Ayeyarwady,44929.0,51579.0,Win Maung,PUO,27,12078
0,Danubyu-1,50953.0,1630.0,4.0,Ayeyarwady,36689.0,41659.0,Win Myint,NLD,56,20388
1,Danubyu-1,50953.0,1630.0,4.0,Ayeyarwady,36689.0,41659.0,Maj-Gen Hla Oo,NUP,41,15191
0,Danubyu-2,52825.0,1634.0,4.0,Ayeyarwady,38258.0,43031.0,Thaung Yi,NLD,53,20200
1,Danubyu-2,52825.0,1634.0,4.0,Ayeyarwady,38258.0,43031.0,Khin Thein,NUP,41,15707
0,Einme-1,45061.0,1638.0,3.0,Ayeyarwady,31128.0,37068.0,Tin Htut,NLD,62,19441
1,Einme-1,45061.0,1638.0,3.0,Ayeyarwady,31128.0,37068.0,Col. Ohn Kyi,NUP,33,10154
0,Einme-2,44901.0,1642.0,4.0,Ayeyarwady,30770.0,36899.0,Myint Maung,NLD,65,20054
1,Einme-2,44901.0,1642.0,4.0,Ayeyarwady,30770.0,36899.0,Tin Oo,NUP,26,8105
0,Kyaunggon-1,39570.0,1646.0,3.0,Ayeyarwady,26927.0,32492.0,Saw Lwin,NLD,62,16563
1,Kyaunggon-1,39570.0,1646.0,3.0,Ayeyarwady,26927.0,32492.0,Hla Tun,YUO,36,9726
0,Kyaunggon-2,40796.0,1651.0,3.0,Ayeyarwady,29205.0,33695.0,Dr. Hla Win,NLD,63,18376
1,Kyaunggon-2,40796.0,1651.0,3.0,Ayeyarwady,29205.0,33695.0,San Aye,NUP,34,9907
0,Labutta-1,75963.0,1655.0,4.0,Ayeyarwady,35135.0,43483.0,Kyi Win,NLD,67,23483
1,Labutta-1,75963.0,1655.0,4.0,Ayeyarwady,35135.0,43483.0,Daw Mya Thwin,NUP,32,11127
0,Labutta-2,71279.0,1659.0,2.0,Ayeyarwady,34627.0,42641.0,Aye Kyu,NLD,57,19676
1,Labutta-2,71279.0,1659.0,2.0,Ayeyarwady,34627.0,42641.0,Khin Soe,WUO,43,14951
0,Hinthada-1,107098.0,1664.0,4.0,Ayeyarwady,67704.0,83129.0,Mya Than,NLD,58,39479
1,Hinthada-1,107098.0,1664.0,4.0,Ayeyarwady,67704.0,83129.0,Saw Tun,NUP,29,19441
2,Hinthada-1,107098.0,1664.0,4.0,Ayeyarwady,67704.0,83129.0,Kyin Aye,Independent,11,7766
0,Hinthada-2,100149.0,1672.0,4.0,Ayeyarwady,71345.0,80853.0,Dr. Zaw Myint,NLD,68,48758
1,Hinthada-2,100149.0,1672.0,4.0,Ayeyarwady,71345.0,80853.0,Tun Bi,NUP,28,19784
0,Thabaung-1,40777.0,1676.0,4.0,Ayeyarwady,25022.0,30715.0,Hla Myint,NLD,59,14846
1,Thabaung-1,40777.0,1676.0,4.0,Ayeyarwady,25022.0,30715.0,Aung Nyunt,NUP,38,9526
0,Thabaung-2,40658.0,1680.0,2.0,Ayeyarwady,26545.0,31079.0,Than Win,NLD,66,17509
1,Thabaung-2,40658.0,1680.0,2.0,Ayeyarwady,26545.0,31079.0,Saw Chit Sein,NUP,34,9036
0,Wakema-1,79490.0,1684.0,4.0,Ayeyarwady,49030.0,56878.0,Tin Aung,NLD,54,26595
1,Wakema-1,79490.0,1684.0,4.0,Ayeyarwady,49030.0,56878.0,Kyi Lwin,NUP,36,17604
0,Ramree,59883.0,1689.0,5.0,Rakhine,35656.0,42095.0,Mya Maung,NLD,79,28322
1,Ramree,59883.0,1689.0,5.0,Rakhine,35656.0,42095.0,Chan Maung,YUO,13,4498
0,Manaung,42170.0,1694.0,6.0,Rakhine,27161.0,32996.0,Thein Maung,NLD,65,17781
1,Manaung,42170.0,1694.0,6.0,Rakhine,27161.0,32996.0,San Shwe,NUP,21,5786
0,Kyaukpyu-1,38660.0,1698.0,5.0,Rakhine,21834.0,26831.0,Hsan Maung,NLD,68,14848
1,Kyaukpyu-1,38660.0,1698.0,5.0,Rakhine,21834.0,26831.0,Saw Aung,APDF,14,3041
2,Kyaukpyu-1,38660.0,1698.0,5.0,Rakhine,21834.0,26831.0,San Kyaw Shwe,NUP,13,2903
0,Kyaukpyu-2,39697.0,1706.0,4.0,Rakhine,20958.0,27439.0,Tin Gyi,NLD,77,16209
1,Kyaukpyu-2,39697.0,1706.0,4.0,Rakhine,20958.0,27439.0,Kyaw Tha,APDF,10,2177
2,Kyaukpyu-2,39697.0,1706.0,4.0,Rakhine,20958.0,27439.0,Minn Kyi,NUP,10,2100
0,Mongshu,21294.0,1714.0,3.0,Shan,8465.0,10221.0,Sai Win Pe,SNLD,65,5523
1,Mongshu,21294.0,1714.0,3.0,Shan,8465.0,10221.0,Sao Pyin Hpe,NUP,35,2942
0,Kehsi,28015.0,1719.0,3.0,Shan,7364.0,9173.0,Tun Tin,SNLD,86,6368
1,Kehsi,28015.0,1719.0,3.0,Shan,7364.0,9173.0,Lt-Col Kaung Sit,NUP,11,775
0,Kunhing,14305.0,1724.0,2.0,Shan,6179.0,7231.0,Sai Leik,SNLD,84,5195
1,Kunhing,14305.0,1724.0,2.0,Shan,6179.0,7231.0,Sai Hkam Pan,NUP,16,984
0,Leikha,22266.0,1729.0,2.0,Shan,10680.0,12480.0,Tha Tun Mya,SNLD,81,8615
1,Leikha,22266.0,1729.0,2.0,Shan,10680.0,12480.0,Sai Phone Myint,NUP,19,2065
0,Loilem,46006.0,1734.0,5.0,Shan,18059.0,24400.0,Sai Tun Kyaw,SNLD,38,6946
1,Loilem,46006.0,1734.0,5.0,Shan,18059.0,24400.0,Han Tin,UPNO,23,4234
2,Loilem,46006.0,1734.0,5.0,Shan,18059.0,24400.0,Daw Mi Mi,NLD,21,3710
3,Loilem,46006.0,1734.0,5.0,Shan,18059.0,24400.0,Maj. Pe Thein,NUP,16,2841
0,Lankho,18141.0,1744.0,2.0,Shan,10598.0,13243.0,Sai Tun Aung,SNLD,84,8939
1,Lankho,18141.0,1744.0,2.0,Shan,10598.0,13243.0,Sai Hkam Hlaing,NUP,16,1659
0,Mongkai,24541.0,1749.0,2.0,Shan,13544.0,15652.0,Sai Om,SNLD,89,12012
1,Mongkai,24541.0,1749.0,2.0,Shan,13544.0,15652.0,Sai Tun Tha,NUP,11,1532
0,Mongyawn,15557.0,1754.0,3.0,Shan,3818.0,5889.0,Sai Tun Aung,NLD,74,2839
1,Mongyawn,15557.0,1754.0,3.0,Shan,3818.0,5889.0,Sai Hsin Sai,NUP,24,904
0,Tachilek,51351.0,1758.0,4.0,Shan,14148.0,17681.0,Soom Hsaing,NLD,63,8901
1,Tachilek,51351.0,1758.0,4.0,Shan,14148.0,17681.0,Sai Lon Mar,NUP,19,2691
2,Tachilek,51351.0,1758.0,4.0,Shan,14148.0,17681.0,Po Thein Shin,LNDP,13,1885
0,Monghpyat,10063.0,1766.0,4.0,Shan,4227.0,5585.0,Sai Nwe,NLD,38,1625
1,Monghpyat,10063.0,1766.0,4.0,Shan,4227.0,5585.0,Kya Oo,LNDP,38,1598
2,Monghpyat,10063.0,1766.0,4.0,Shan,4227.0,5585.0,Aik Kyauk,NUP,14,611
0,Mongping,27457.0,1774.0,3.0,Shan,11728.0,14470.0,Daniel Aung,LNDP,55,6407
1,Mongping,27457.0,1774.0,3.0,Shan,11728.0,14470.0,Thi Hla,SNLD,40,4640
2,Mongping,27457.0,1774.0,3.0,Shan,11728.0,14470.0,Sai Hsan Phoo,NUP,5,641
0,Mongton,7958.0,1783.0,3.0,Shan,3567.0,4374.0,Sai Kyaw Sein,SNLD,73,2619
1,Mongton,7958.0,1783.0,3.0,Shan,3567.0,4374.0,Kya Tawt,LNDP,16,571
2,Mongton,7958.0,1783.0,3.0,Shan,3567.0,4374.0,Sai Tun Kyaw,NUP,11,377
0,Monghsat,16807.0,1792.0,3.0,Shan,5092.0,6962.0,Hsan Wonn,NLD,56,2845
1,Monghsat,16807.0,1792.0,3.0,Shan,5092.0,6962.0,Kya Nu,LNDP,29,1457
2,Monghsat,16807.0,1792.0,3.0,Shan,5092.0,6962.0,Sai Chit Thaung,NUP,15,772
0,Maukmai,5557.0,1800.0,2.0,Shan,3024.0,3838.0,Sai Uk,SNLD,87,2626
1,Maukmai,5557.0,1800.0,2.0,Shan,3024.0,3838.0,Kyaw Hla,NUP,13,398
0,Mongpang,4789.0,1805.0,2.0,Shan,3007.0,3422.0,Sai Moe Kyi,SNLD,84,2519
1,Mongpang,4789.0,1805.0,2.0,Shan,3007.0,3422.0,Khin Maung Myint,NUP,16,488
0,Mongnai,8575.0,1810.0,3.0,Shan,5343.0,6254.0,Hkun Pwint,SNLD,59,3145
1,Mongnai,8575.0,1810.0,3.0,Shan,5343.0,6254.0,Sai Mya Maung,NLD,31,1671
2,Mongnai,8575.0,1810.0,3.0,Shan,5343.0,6254.0,Sai Chit Tun,NUP,10,527
0,Homalin-1,33390.0,1820.0,4.0,Sagaing,20734.0,23765.0,Ohn Kyaing,NLD,42,8684
1,Homalin-1,33390.0,1820.0,4.0,Sagaing,20734.0,23765.0,Ohn Kywe,SNLD,35,7295
2,Homalin-1,33390.0,1820.0,4.0,Sagaing,20734.0,23765.0,Daw Tin Yin,NUP,21,4255
0,Homalin-2,32012.0,1828.0,5.0,Sagaing,16427.0,19120.0,Hla Thein,NLD,43,7068
1,Homalin-2,32012.0,1828.0,5.0,Sagaing,16427.0,19120.0,Maung Thwin,SNLD,40,6628
2,Homalin-2,32012.0,1828.0,5.0,Sagaing,16427.0,19120.0,Hla Thaung,NUP,13,2186
0,Hkamti,13701.0,1836.0,3.0,Sagaing,7145.0,8200.0,Daw Hse Hse,NLD,47,3332
1,Hkamti,13701.0,1836.0,3.0,Sagaing,7145.0,8200.0,Shin Ba,NHRPP,29,2072
2,Hkamti,13701.0,1836.0,3.0,Sagaing,7145.0,8200.0,Aye Pe,NUP,24,1741
0,Waingmaw,35741.0,1844.0,8.0,Kachin,21751.0,24792.0,Duwa Zaw Aung,NLD,38,8229
1,Waingmaw,35741.0,1844.0,8.0,Kachin,21751.0,24792.0,Soe Nyunt,SNLD,25,5403
2,Waingmaw,35741.0,1844.0,8.0,Kachin,21751.0,24792.0,Arsee,LNS,13,2880
3,Waingmaw,35741.0,1844.0,8.0,Kachin,21751.0,24792.0,Dija Yaw,NUP,11,2290
4,Waingmaw,35741.0,1844.0,8.0,Kachin,21751.0,24792.0,S Naung Latt,KSNDP,10,2080
0,Mogaung,56212.0,1857.0,7.0,Kachin,29407.0,36124.0,Tun Kyi,NLD,50,14779
1,Mogaung,56212.0,1857.0,7.0,Kachin,29407.0,36124.0,Tun Aye,NUP,19,5677
2,Mogaung,56212.0,1857.0,7.0,Kachin,29407.0,36124.0,Shwe Tun,SNLD,12,3406
0,Phaungpyin,37956.0,1865.0,3.0,Sagaing,28841.0,33566.0,Aung Thaung,NLD,65,18835
1,Phaungpyin,37956.0,1865.0,3.0,Sagaing,28841.0,33566.0,Maung Oo,NUP,31,8984
0,Mawlaik,22327.0,1869.0,2.0,Sagaing,17663.0,19230.0,Tin Maung Win,NLD,64,11249
1,Mawlaik,22327.0,1869.0,2.0,Sagaing,17663.0,19230.0,Kyaw Nyein,NUP,36,6414
0,Kale-1,62820.0,1873.0,6.0,Sagaing,40599.0,44272.0,Do Htaung,NLD,43,17381
1,Kale-1,62820.0,1873.0,6.0,Sagaing,40599.0,44272.0,Col. Za Mong,NUP,22,9016
2,Kale-1,62820.0,1873.0,6.0,Sagaing,40599.0,44272.0,Lal Bit,CNLD,16,6441
3,Kale-1,62820.0,1873.0,6.0,Sagaing,40599.0,44272.0,Do Pau,ZNC,15,6266
0,Kale-2,58991.0,1883.0,5.0,Sagaing,40307.0,44117.0,Thein Win,NLD,57,23068
1,Kale-2,58991.0,1883.0,5.0,Sagaing,40307.0,44117.0,Khin Maung Yi,NUP,26,10384
2,Kale-2,58991.0,1883.0,5.0,Sagaing,40307.0,44117.0,Dr. Alian Zanan,CNLD,13,5120
0,Tamu,37680.0,1891.0,4.0,Sagaing,25281.0,28783.0,Htaung Kho Htan,UNLD,35,8939
1,Tamu,37680.0,1891.0,4.0,Sagaing,25281.0,28783.0,Kyint Suan Kham,NLD,32,7973
2,Tamu,37680.0,1891.0,4.0,Sagaing,25281.0,28783.0,Kyaw Aung,NUP,30,7596
0,Kalewa,26230.0,1899.0,4.0,Sagaing,19712.0,23115.0,Tin Maung,NLD,46,9041
1,Kalewa,26230.0,1899.0,4.0,Sagaing,19712.0,23115.0,Mya Pe,NUP,43,8456
0,Mingin,47015.0,1903.0,4.0,Sagaing,33296.0,38294.0,Bo,NLD,55,18435
1,Mingin,47015.0,1903.0,4.0,Sagaing,33296.0,38294.0,Tin Htar,NUP,42,14005
0,Matupi-1,12617.0,1907.0,6.0,Chin,10107.0,10949.0,Yo Ok,MPP,34,3450
1,Matupi-1,12617.0,1907.0,6.0,Chin,10107.0,10949.0,Minn Hto,NLD,32,3189
2,Matupi-1,12617.0,1907.0,6.0,Chin,10107.0,10949.0,Yon Daw,CNLD,20,2018
3,Matupi-1,12617.0,1907.0,6.0,Chin,10107.0,10949.0,K T Phaing,NUP,13,1280
0,Matupi-2,12234.0,1917.0,5.0,Chin,9298.0,9753.0,Shwe Tan,NLD,48,4417
1,Matupi-2,12234.0,1917.0,5.0,Chin,9298.0,9753.0,Hsa Wa,CNLD,34,3193
2,Matupi-2,12234.0,1917.0,5.0,Chin,9298.0,9753.0,Kya Khe,NUP,13,1205
0,Paletwa-1,19345.0,1925.0,4.0,Chin,10374.0,11451.0,Kyaw Tun,NLD,38,3961
1,Paletwa-1,19345.0,1925.0,4.0,Chin,10374.0,11451.0,Tein Tun,CNLD,30,3163
2,Paletwa-1,19345.0,1925.0,4.0,Chin,10374.0,11451.0,Sein Tha Oo,NUP,15,1558
3,Paletwa-1,19345.0,1925.0,4.0,Chin,10374.0,11451.0,Hsi Kauk,MPP,16,1692
0,Paletwa-2,18828.0,1935.0,5.0,Chin,8707.0,9466.0,Htwe Aung,NLD,31,2732
1,Paletwa-2,18828.0,1935.0,5.0,Chin,8707.0,9466.0,Sein Tha Aung,CNLD,27,2353
2,Paletwa-2,18828.0,1935.0,5.0,Chin,8707.0,9466.0,Aung Tha Ban,NUP,20,1718
3,Paletwa-2,18828.0,1935.0,5.0,Chin,8707.0,9466.0,Win Mar,MKNSO,14,1257
0,Kanpetlet,8201.0,1945.0,4.0,Chin,6430.0,6820.0,Lein Ha,NUP,37,2361
1,Kanpetlet,8201.0,1945.0,4.0,Chin,6430.0,6820.0,San Khin,CNLD,25,1637
2,Kanpetlet,8201.0,1945.0,4.0,Chin,6430.0,6820.0,Aung Myint,NLD,21,1351
3,Kanpetlet,8201.0,1945.0,4.0,Chin,6430.0,6820.0,Tun Aung,LDP,17,1081
0,Mindat,17479.0,1955.0,4.0,Chin,13167.0,14242.0,Shein Pe Ling,CNLD,42,5542
1,Mindat,17479.0,1955.0,4.0,Chin,13167.0,14242.0,Pe Ling Maung,NUP,30,4012
2,Mindat,17479.0,1955.0,4.0,Chin,13167.0,14242.0,Ge Lein,NLD,24,3186
0,Kyauktaw-1,48809.0,1965.0,7.0,Rakhine,27620.0,35172.0,Kyaw Hla Oo,PUO,12,3304
1,Kyauktaw-1,48809.0,1965.0,7.0,Rakhine,27620.0,35172.0,Dr. Tun Aye,RDL,47,12937
2,Kyauktaw-1,48809.0,1965.0,7.0,Rakhine,27620.0,35172.0,Maung Maung Tin,NDPHR,17,4781
3,Kyauktaw-1,48809.0,1965.0,7.0,Rakhine,27620.0,35172.0,Kyaw Zaw Hla,LDP,15,4037
0,Kyauktaw-2,49307.0,1975.0,5.0,Rakhine,28500.0,36757.0,San Tha Aung,MKNDO,55,15801
1,Kyauktaw-2,49307.0,1975.0,5.0,Rakhine,28500.0,36757.0,Kyaw Min,NLD,18,5252
2,Kyauktaw-2,49307.0,1975.0,5.0,Rakhine,28500.0,36757.0,Thura Saw Pru,NUP,17,4893
0,Rathedaung-1,35108.0,1983.0,5.0,Rakhine,19626.0,25118.0,Maung Kywin Aung,NLD,37,7310
1,Rathedaung-1,35108.0,1983.0,5.0,Rakhine,19626.0,25118.0,Kyaw Mra Oo,RDL,31,6063
2,Rathedaung-1,35108.0,1983.0,5.0,Rakhine,19626.0,25118.0,Bo Hlaing,NUP,20,3829
3,Rathedaung-1,35108.0,1983.0,5.0,Rakhine,19626.0,25118.0,Saw Pru,Independent,10,1960
0,Rathedaung-2,33843.0,1993.0,6.0,Rakhine,18910.0,23629.0,Tha No,RDL,42,7987
1,Rathedaung-2,33843.0,1993.0,6.0,Rakhine,18910.0,23629.0,Oo Shwe Saw,NLD,28,5300
2,Rathedaung-2,33843.0,1993.0,6.0,Rakhine,18910.0,23629.0,Lt-Col Tha Sein,NUP,20,3774
0,Mrauk-U-1,43550.0,2001.0,5.0,Rakhine,27900.0,33173.0,Saw Mra Aung,RDL,62,17322
1,Mrauk-U-1,43550.0,2001.0,5.0,Rakhine,27900.0,33173.0,Tun Kyaw Sein,NUP,16,4539
2,Mrauk-U-1,43550.0,2001.0,5.0,Rakhine,27900.0,33173.0,Maung Maung Htwee,MKNSO,11,3086
3,Mrauk-U-1,43550.0,2001.0,5.0,Rakhine,27900.0,33173.0,Tha Zan Hla,NLD,9,2639
0,Mrauk-U-2,44524.0,2007.0,6.0,Rakhine,27200.0,32026.0,Aung Hla Zan,RDL,55,14861
1,Mrauk-U-2,44524.0,2007.0,6.0,Rakhine,27200.0,32026.0,Dr. Kaung Hla Pru,NUP,17,4579
2,Mrauk-U-2,44524.0,2007.0,6.0,Rakhine,27200.0,32026.0,Dr. Hla Yin,NDPHR,16,4381
3,Mrauk-U-2,44524.0,2007.0,6.0,Rakhine,27200.0,32026.0,Sein Kyaw Hla,NLD,9,2415
0,Myebon,45361.0,2017.0,4.0,Rakhine,25031.0,31221.0,Pru Sein Oo,RDL,43,10763
1,Myebon,45361.0,2017.0,4.0,Rakhine,25031.0,31221.0,Aung Hla Pru,NLD,35,8700
2,Myebon,45361.0,2017.0,4.0,Rakhine,25031.0,31221.0,Aung Kyaw Sein,NUP,18,4610
0,An,46770.0,2025.0,4.0,Rakhine,19945.0,26081.0,Nay Win,NLD,67,13379
1,An,46770.0,2025.0,4.0,Rakhine,19945.0,26081.0,Tun Tun,NUP,15,3016
2,An,46770.0,2025.0,4.0,Rakhine,19945.0,26081.0,Aung Pan Tha,APDF,11,2121
0,Sumprabum,1284.0,2035.0,2.0,Kachin,806.0,879.0,Zau Ain,KSNCD,73,589
1,Sumprabum,1284.0,2035.0,2.0,Kachin,806.0,879.0,Nyi Pu,NUP,27,217
0,Khawbude,5997.0,2040.0,4.0,Kachin,3180.0,3381.0,Mapang Sin,Unknown,41,1317
1,Khawbude,5997.0,2040.0,4.0,Kachin,3180.0,3381.0,Jonas Aung Gam,NUP,29,931
2,Khawbude,5997.0,2040.0,4.0,Kachin,3180.0,3381.0,R Gudee,KSNDP,29,924
0,Machambaw,6138.0,2048.0,4.0,Kachin,4082.0,4604.0,N Nang Gam,NLD,38,1532
1,Machambaw,6138.0,2048.0,4.0,Kachin,4082.0,4604.0,Lanang Bawk,NUP,30,1225
2,Machambaw,6138.0,2048.0,4.0,Kachin,4082.0,4604.0,Ding Ra Tang,KSNDP,28,1140
0,Kamaing,11327.0,2056.0,6.0,Kachin,5208.0,5755.0,Tin Myint,NLD,49,2550
1,Kamaing,11327.0,2056.0,6.0,Kachin,5208.0,5755.0,N D Zau Tawng,KNCD,26,1266
2,Kamaing,11327.0,2056.0,6.0,Kachin,5208.0,5755.0,Khamda Brang Shaung,NUP,13,687
0,Putao,29900.0,2064.0,8.0,Kachin,17707.0,21960.0,Yau Si,NLD,49,8695
1,Putao,29900.0,2064.0,8.0,Kachin,17707.0,21960.0,Mi Tung Tu,NUP,17,2951
2,Putao,29900.0,2064.0,8.0,Kachin,17707.0,21960.0,Pansa Ram,Independent,11,1895
0,Nogmun,3850.0,2072.0,3.0,Kachin,2877.0,3096.0,M Sin Sar,NUP,78,2231
1,Nogmun,3850.0,2072.0,3.0,Kachin,2877.0,3096.0,Min Zaw,NLD,21,603
0,Maungdaw-1,87174.0,2076.0,7.0,Rakhine,64019.0,73633.0,Ebrahim,NDPHR,51,31360
1,Maungdaw-1,87174.0,2076.0,7.0,Rakhine,64019.0,73633.0,Noor Alam,SYLMD,33,21319
2,Maungdaw-1,87174.0,2076.0,7.0,Rakhine,64019.0,73633.0,Mohamed Hussein,NLD,1,672
3,Maungdaw-1,87174.0,2076.0,7.0,Rakhine,64019.0,73633.0,Capt. Hla Saw Aung,NUP,0,307
0,Maungdaw-2,84166.0,2086.0,7.0,Rakhine,58230.0,68440.0,Fazul Ahmed,NDPHR,43,24881
1,Maungdaw-2,84166.0,2086.0,7.0,Rakhine,58230.0,68440.0,Nurul Haq,SYLMD,42,24203
2,Maungdaw-2,84166.0,2086.0,7.0,Rakhine,58230.0,68440.0,Rafee,NUP,6,3746
3,Maungdaw-2,84166.0,2086.0,7.0,Rakhine,58230.0,68440.0,Abul Faiz,NLD,4,2221
0,Lahe,8847.0,2098.0,3.0,Sagaing,4678.0,5511.0,Khapo Kailon,NHRPP,87,4053
1,Lahe,8847.0,2098.0,3.0,Sagaing,4678.0,5511.0,Mya Maung,NUP,11,510
2,Lahe,8847.0,2098.0,3.0,Sagaing,4678.0,5511.0,Myint Tin,NLD,2,115
0,Leshi,5572.0,2108.0,2.0,Sagaing,4724.0,4951.0,Dwe Pawt,NHRPP,70,3300
1,Leshi,5572.0,2108.0,2.0,Sagaing,4724.0,4951.0,Law Pau Yaw,NUP,30,1424
0,Chipwe,1753.0,2114.0,3.0,Kachin,1339.0,1417.0,G Bawng Hlan,KSNCD,37,496
1,Chipwe,1753.0,2114.0,3.0,Kachin,1339.0,1417.0,Raw Bon,KSNDP,32,422
2,Chipwe,1753.0,2114.0,3.0,Kachin,1339.0,1417.0,Khaw Sawng,NUP,31,421
0,Hsawlaw,452.0,2120.0,4.0,Kachin,382.0,397.0,Mok Myaw Hsan Khawng,NUP,41,158
1,Hsawlaw,452.0,2120.0,4.0,Kachin,382.0,397.0,Han Gau Dawng Zawng,NLD,37,143
2,Hsawlaw,452.0,2120.0,4.0,Kachin,382.0,397.0,Wa BAU Zay Zawng,KSNDP,21,80
3,Hsawlaw,452.0,2120.0,4.0,Kachin,382.0,397.0,Gyone Hawng,KNC,0,1
